0,5114,9.18,Action,Military,Adventure,Comedy,Drama,Magic,Fantasy,Shounen
1,40028,9.15,Action,Military,Mystery,Super Power,Drama,Fantasy,Shounen
2,38524,9.11,Action,Drama,Fantasy,Military,Mystery,Shounen,Super Power
3,9253,9.11,Thriller,Sci-Fi
4,28977,9.1,Action,Comedy,Historical,Parody,Samurai,Sci-Fi,Shounen
5,11061,9.09,Action,Adventure,Fantasy,Shounen,Super Power
6,820,9.07,Military,Sci-Fi,Space,Drama
7,9969,9.07,Action,Sci-Fi,Comedy,Historical,Parody,Samurai,Shounen
8,15417,9.04,Action,Comedy,Historical,Parody,Samurai,Sci-Fi,Shounen
9,35180,9.0,Drama,Game,Seinen,Slice of Life
10,28851,8.99,Drama,School,Shounen
11,34096,8.98,Action,Comedy,Historical,Parody,Samurai,Sci-Fi,Shounen
12,4181,8.96,Slice of Life,Comedy,Supernatural,Drama,Romance
13,918,8.96,Action,Comedy,Historical,Parody,Samurai,Sci-Fi,Shounen
14,15335,8.95,Action,Sci-Fi,Comedy,Historical,Parody,Samurai,Shounen
15,32281,8.95,Romance,Supernatural,School,Drama
16,35247,8.93,Mystery,Comedy,Supernatural,Vampire
17,2904,8.91,Action,Military,Sci-Fi,Super Power,Drama,Mecha
18,37491,8.86,Action,Sci-Fi,Comedy,Historical,Parody,Samurai,Shounen
19,32935,8.86,Comedy,Sports,Drama,School,Shounen
20,37510,8.84,Action,Slice of Life,Comedy,Supernatural
21,39486,8.81,Action,Sci-Fi,Comedy,Historical,Parody,Drama,Samurai,Shounen
22,31758,8.82,Action,Mystery,Supernatural,Vampire
23,199,8.82,Adventure,Supernatural,Drama
24,36838,8.81,Action,Comedy,Historical,Parody,Samurai,Sci-Fi,Shounen
25,1,8.78,Action,Adventure,Comedy,Drama,Sci-Fi,Space
26,33050,8.78,Action,Supernatural,Magic,Fantasy
27,17074,8.78,Mystery,Comedy,Supernatural,Romance,Vampire
28,33095,8.78,Drama,Historical,Josei
29,19,8.77,Drama,Horror,Mystery,Police,Psychological,Seinen,Thriller
30,24701,8.76,Adventure,Fantasy,Historical,Mystery,Seinen,Slice of Life,Supernatural
31,263,8.75,Comedy,Sports,Drama,Shounen
32,34599,8.74,Sci-Fi,Adventure,Mystery,Drama,Fantasy
33,28891,8.72,Comedy,Sports,Drama,School,Shounen
34,40591,8.72,Comedy,Psychological,Romance,School,Seinen
35,36862,8.73,Sci-Fi,Adventure,Mystery,Drama,Fantasy
36,44,8.73,Action,Historical,Drama,Romance,Martial Arts,Samurai,Shounen
37,23273,8.73,Drama,Music,Romance,School,Shounen
38,40456,8.72,Action,Historical,Demons,Supernatural,Shounen
39,21939,8.72,Adventure,Slice of Life,Mystery,Historical,Supernatural,Fantasy,Seinen
40,1575,8.71,Action,Military,Sci-Fi,Super Power,Drama,Mecha,School
41,164,8.71,Action,Adventure,Fantasy
42,37521,8.71,Action,Adventure,Drama,Historical,Seinen
43,245,8.7,Slice of Life,Comedy,Drama,School,Shounen
44,457,8.69,Adventure,Slice of Life,Mystery,Historical,Supernatural,Fantasy,Seinen
45,38329,8.68,Supernatural,Drama,Romance,School
46,11665,8.67,Slice of Life,Demons,Supernatural,Drama,Shoujo
47,2921,8.66,Action,Drama,Shounen,Slice of Life,Sports
48,5258,8.67,Comedy,Sports,Drama,Shounen
49,431,8.67,Adventure,Drama,Fantasy,Romance
50,2001,8.66,Action,Adventure,Comedy,Mecha,Sci-Fi
51,37987,8.66,Slice of Life,Drama,Fantasy
52,34591,8.65,Slice of Life,Demons,Supernatural,Drama,Shoujo
53,7311,8.65,Comedy,Mystery,Romance,School,Sci-Fi,Supernatural
54,37779,8.64,Sci-Fi,Mystery,Horror,Psychological,Thriller,Shounen
55,12355,8.63,Fantasy,Slice of Life
56,33352,8.64,Slice of Life,Drama,Fantasy
57,22135,8.63,Drama,Psychological,Seinen,Sports
58,42203,8.66,Psychological,Drama,Thriller,Fantasy
59,1535,8.63,Mystery,Police,Psychological,Supernatural,Thriller,Shounen
60,28957,8.63,Adventure,Fantasy,Historical,Mystery,Seinen,Slice of Life,Supernatural
61,38000,8.61,Action,Demons,Historical,Shounen,Supernatural
62,31757,8.61,Action,Mystery,Supernatural,Vampire
63,35760,8.61,Action,Military,Mystery,Super Power,Drama,Fantasy,Shounen
64,28735,8.6,Drama,Historical,Josei
65,7785,8.6,Mystery,Comedy,Psychological,Romance
66,38474,8.6,Slice of Life,Comedy
67,37991,8.6,Action,Adventure,Shounen
68,40748,8.62,Action,Demons,Supernatural,School,Shounen
69,33049,8.59,Action,Fantasy,Magic,Supernatural
70,11741,8.59,Action,Supernatural,Magic,Fantasy
71,19647,8.59,Comedy,Sports,Drama,Shounen
72,36098,8.59,Drama
73,32983,8.59,Slice of Life,Demons,Supernatural,Drama,Shoujo
74,10379,8.59,Slice of Life,Demons,Supernatural,Drama,Shoujo
75,12365,8.58,Comedy,Drama,Romance,Shounen
76,21329,8.57,Adventure,Slice of Life,Mystery,Historical,Supernatural,Fantasy,Seinen
77,30276,8.56,Action,Sci-Fi,Comedy,Parody,Super Power,Supernatural
78,4565,8.57,Action,Mecha,Sci-Fi,Space,Super Power
79,5300,8.57,Slice of Life,Demons,Supernatural,Drama,Shoujo
80,35839,8.56,Adventure,Comedy,Drama
81,40776,8.56,Comedy,Sports,Drama,School,Shounen
82,44042,8.55,Comedy
83,4282,8.56,Action,Mystery,Supernatural,Drama,Romance,Thriller
84,30654,8.53,Action,Comedy,School,Shounen
85,40417,8.54,Slice of Life,Comedy,Supernatural,Drama,Romance,Shoujo
86,44087,8.54,Action,Comedy,Historical,Parody,Samurai,Shounen
87,42897,8.51,Slice of Life,Comedy,Romance,School,Shounen
88,801,8.54,Action,Military,Sci-Fi,Mystery,Police,Mecha,Seinen
89,3297,8.53,Sci-Fi,Slice of Life,Fantasy,Shounen
90,35843,8.53,Action,Comedy,Historical,Parody,Samurai,Sci-Fi,Shounen
91,170,8.53,Comedy,Drama,School,Shounen,Sports
92,32,8.52,Sci-Fi,Dementia,Psychological,Drama,Mecha
93,21,8.52,Action,Adventure,Comedy,Super Power,Drama,Fantasy,Shounen
94,12431,8.52,Comedy,Sci-Fi,Seinen,Slice of Life,Space
95,37379,8.51,Game,Slice of Life,Sports,Drama,School,Josei
96,7472,8.52,Action,Sci-Fi,Comedy,Historical,Parody,Samurai,Shounen
97,20583,8.52,Comedy,Sports,Drama,School,Shounen
98,38040,8.52,Adventure,Comedy,Fantasy,Magic,Parody,Supernatural
99,578,8.51,Drama,Historical
100,31933,8.5,Action,Adventure,Comedy,Supernatural,Drama,Shounen
101,6114,8.51,Drama,Historical,Seinen,Thriller
102,30484,8.51,Sci-Fi,Thriller
103,205,8.5,Action,Adventure,Comedy,Historical,Samurai,Shounen
104,39587,8.49,Psychological,Drama,Thriller,Fantasy
105,16498,8.49,Action,Military,Mystery,Super Power,Drama,Fantasy,Shounen
106,11577,8.49,Sci-Fi,Drama
107,44070,8.5,Historical,Supernatural,Drama
108,36999,8.49,Mystery,Comedy,Supernatural,Vampire
109,33,8.49,Action,Adventure,Demons,Drama,Fantasy,Horror,Military,Romance,Seinen,Supernatural
110,37208,8.49,Action,Adventure,Mystery,Historical,Supernatural
111,32182,8.48,Action,Slice of Life,Comedy,Supernatural
112,437,8.48,Dementia,Drama,Horror,Psychological
113,10165,8.47,Slice of Life,Comedy,School,Shounen
114,36885,8.47,Harem,Comedy,Romance,Ecchi,School
115,34612,8.47,Slice of Life,Comedy,Supernatural,School,Shounen
116,31181,8.46,Mystery,Comedy,Supernatural,Vampire
117,25777,8.46,Action,Military,Mystery,Super Power,Drama,Fantasy,Shounen
118,36649,8.46,Action,Adventure,Drama,Shoujo
119,40059,8.46,Action,Adventure,Historical,Seinen
120,24687,8.46,Adventure,Fantasy,Historical,Mystery,Seinen,Slice of Life,Supernatural
121,877,8.46,Music,Slice of Life,Comedy,Drama,Romance,Shoujo
122,467,8.45,Action,Military,Sci-Fi,Police,Mecha,Seinen
123,5028,8.45,Comedy,Drama,Romance,Shounen,Sports
124,33255,8.44,Comedy,School,Shounen,Slice of Life,Supernatural
125,35851,8.45,Drama,Fantasy
126,39547,8.45,Slice of Life,Comedy,Drama,Romance,School
127,392,8.45,Action,Comedy,Demons,Supernatural,Martial Arts,Shounen
128,21899,8.44,Action,Sci-Fi,Comedy,Historical,Parody,Samurai,Shounen
129,42984,8.45,Music,Fantasy
130,26055,8.44,Action,Adventure,Supernatural,Drama,Shounen
131,37965,8.44,Comedy,Sports,Drama
132,11981,8.44,Mystery,Psychological,Drama,Magic,Thriller
133,31646,8.42,Drama,Game,Seinen,Slice of Life
134,5941,8.43,Comedy,Drama,Romance,School,Shounen,Sports
135,37999,8.42,Comedy,Psychological,Romance,School,Seinen
136,5205,8.43,Action,Mystery,Supernatural,Romance,Thriller
137,38450,8.43,Action,Mystery,Historical,Supernatural
138,2246,8.43,Mystery,Historical,Horror,Demons,Psychological,Supernatural,Fantasy,Seinen
139,14397,8.42,Drama,Game,Josei,School,Slice of Life,Sports
140,38889,8.42,Drama,Music,Romance,School,Shounen
141,10162,8.42,Slice of Life,Josei
142,36538,8.41,Demons,Drama,Shoujo,Slice of Life,Supernatural
143,9989,8.41,Slice of Life,Supernatural,Drama
144,2251,8.41,Action,Comedy,Historical,Mystery,Supernatural
145,22789,8.41,Comedy,Slice of Life
146,32366,8.41,Comedy,Parody
147,37105,8.41,Slice of Life,Comedy,Seinen
148,35557,8.41,Action,Drama,Fantasy,Mystery,Seinen
149,136,8.41,Action,Adventure,Super Power,Fantasy,Shounen
150,39535,8.44,Drama,Magic,Fantasy
151,777,8.39,Action,Military,Horror,Supernatural,Vampire,Seinen
152,572,8.4,Adventure,Fantasy
153,9260,8.4,Vampire
154,36275,8.4,Slice of Life,Demons,Supernatural,Drama,Shoujo
155,39741,8.4,Slice of Life,Drama,Fantasy
156,25781,8.39,Action,Fantasy,Shoujo
157,38826,8.39,Slice of Life,Drama,Romance,Fantasy
158,10030,8.39,Comedy,Drama,Romance,Shounen
159,5,8.39,Action,Drama,Mystery,Sci-Fi,Space
160,40682,8.39,Action,Historical,Military,Seinen
161,22535,8.39,Action,Sci-Fi,Horror,Psychological,Drama,Seinen
162,11979,8.39,Drama,Magic,Psychological,Thriller
163,38883,8.38,Comedy,Sports,Drama,School,Shounen
164,17389,8.38,Action,Military,Historical,Seinen
165,13601,8.38,Action,Sci-Fi,Police,Psychological
166,44235,8.41,Kids
167,37450,8.37,Comedy,Supernatural,Drama,Romance,School
168,12029,8.37,Action,Military,Sci-Fi,Space,Drama
169,10408,8.37,Drama,Romance,Shoujo,Supernatural
170,30709,8.37,Comedy,Demons,Supernatural,Romance,Fantasy,Shoujo
171,9756,8.37,Psychological,Drama,Magic,Thriller
172,7655,8.37,Comedy,Drama,Shounen,Sports
173,5081,8.36,Romance,Supernatural,Mystery,Vampire
174,31043,8.36,Mystery,Psychological,Supernatural,Seinen
175,40052,8.36,Action,Adventure,Mystery,Comedy,Psychological
176,6594,8.36,Action,Adventure,Historical,Martial Arts,Romance
177,40211,8.37,Adventure,Drama,Fantasy
178,5341,8.36,Adventure,Historical,Romance,Fantasy
179,20651,8.35,Slice of Life,Demons,Supernatural,Drama,Shoujo
180,39808,8.35,Slice of Life,Comedy,Seinen
181,5040,8.35,Sports,Psychological,Seinen
182,2559,8.35,Adventure,Drama,Historical,Slice of Life
183,12531,8.35,Drama,Josei,Music,Romance,School
184,13125,8.35,Drama,Horror,Mystery,Psychological,Sci-Fi,Supernatural
185,25835,8.35,Comedy,Drama
186,5420,8.35,Drama,Fantasy,Slice of Life
187,11917,8.35,Comedy,Drama,Shounen,Sports
188,10937,8.35,Action,Mecha,Military,Sci-Fi,Shounen,Space
189,3784,8.34,Action,Sci-Fi,Psychological,Drama,Mecha
190,10087,8.33,Action,Supernatural,Magic,Fantasy
191,6945,8.34,Action,Sci-Fi,Comedy,Historical,Parody
192,37515,8.34,Sci-Fi,Adventure,Mystery,Drama,Fantasy
193,34240,8.33,Sci-Fi,Music
194,10863,8.34,Sci-Fi,Comedy,Thriller
195,40730,8.34,Action,Adventure,Historical,Supernatural,Drama
196,4081,8.33,Slice of Life,Demons,Supernatural,Drama,Shoujo
197,34534,8.33,Slice of Life,Demons,Supernatural,Drama,Shoujo
198,1210,8.33,Comedy,Psychological,Drama,Romance
199,338,8.34,Military,Historical,Drama,Romance,Shoujo
200,38691,8.33,Sci-Fi,Adventure,Comedy,Shounen
201,28701,8.33,Action,Fantasy,Magic,Supernatural
202,39533,8.33,Drama,Music,Romance,Shounen Ai,Slice of Life
203,137,8.33,Action,Adventure,Super Power,Shounen
204,9617,8.33,Music,Slice of Life,Comedy
205,486,8.33,Action,Adventure,Psychological,Slice of Life
206,24415,8.33,Comedy,Sports,School,Shounen
207,28805,8.32,Adventure,Supernatural
208,30230,8.32,Comedy,Sports,School,Shounen
209,30346,8.32,Slice of Life,Romance,School,Shounen Ai
210,30,8.32,Action,Sci-Fi,Dementia,Psychological,Drama,Mecha
211,1698,8.32,Music,Slice of Life,Comedy,Drama,Romance,Josei
212,37095,8.32,Drama,Fantasy,Slice of Life
213,43299,8.32,Psychological,Drama,Fantasy
214,33674,8.31,Game,Supernatural,Drama,Romance,Fantasy
215,329,8.31,Drama,Romance,Sci-Fi,Seinen,Space
216,45,8.31,Action,Adventure,Comedy,Historical,Romance,Samurai,Shounen
217,2418,8.31,Action,Adventure,Historical,Samurai
218,2685,8.31,Action,Adventure,Drama,Romance,Fantasy,Shounen
219,57,8.31,Comedy,Drama,Music,Shounen,Slice of Life
220,33486,8.31,Action,Comedy,Super Power,School,Shounen
221,1365,8.31,Adventure,Mystery,Police,Shounen
222,32937,8.31,Adventure,Comedy,Parody,Supernatural,Magic,Fantasy
223,37078,8.3,Action,Game
224,513,8.3,Adventure,Fantasy,Romance,Sci-Fi
225,523,8.3,Adventure,Comedy,Supernatural
226,31240,8.28,Psychological,Drama,Thriller,Fantasy
227,6675,8.29,Action,Sci-Fi,Cars,Sports
228,759,8.29,Comedy,Drama
229,19363,8.29,Comedy,School,Shounen,Slice of Life
230,264,8.29,Comedy,Shounen,Sports
231,31988,8.29,Music,School,Drama
232,139,8.28,Action,Adventure,Super Power,Fantasy,Shounen
233,43,8.29,Action,Mecha,Police,Psychological,Sci-Fi,Seinen
234,2402,8.28,Action,Drama,Shounen,Slice of Life,Sports
235,42498,8.28,Action,Adventure,Historical,Romance,Martial Arts,Fantasy
236,3002,8.28,Game,Psychological,Thriller,Seinen
237,185,8.28,Action,Cars,Drama,Seinen,Sports
238,39112,8.29,Music
239,16894,8.27,Comedy,Sports,School,Shounen
240,28171,8.28,Ecchi,School,Shounen
241,5690,8.27,Comedy,Josei,Music,Romance
242,2966,8.27,Adventure,Fantasy,Historical,Romance
243,1033,8.27,Action,Adventure,Drama,Fantasy,Historical,Romance
244,23847,8.27,Slice of Life,Comedy,Drama,Romance,School
245,37055,8.27,Action,Military,Magic
246,34798,8.27,Slice of Life,Comedy
247,11843,8.27,Slice of Life,Comedy,School
248,34036,8.26,Adventure,Mystery,Comedy,Police,Shounen
249,9735,8.27,Action,Comedy,Historical,Parody,Samurai,Sci-Fi,Shounen
250,18115,8.27,Action,Adventure,Magic,Fantasy,Shounen
251,627,8.27,Comedy,Sports,Drama,Shounen
252,1842,8.27,Drama,Shounen,Sports
253,40852,8.26,Sci-Fi,Adventure,Comedy,Shounen
254,25537,8.26,Action,Fantasy,Magic,Supernatural
255,31812,8.26,Action,Mystery,Comedy,Historical,Demons,Supernatural,Shounen
256,23327,8.26,Space,Comedy,Sci-Fi
257,32188,8.26,Sci-Fi,Thriller
258,9863,8.25,Comedy,School,Shounen
259,38481,8.25,Action,Sci-Fi,Super Power
260,10271,8.25,Game,Psychological,Thriller,Seinen
261,1142,8.25,Drama,Josei,Romance,Slice of Life
262,558,8.24,Comedy,Drama,Shounen,Sports
263,22507,8.24,Sports,Cars,Seinen
264,15227,8.24,Historical,Drama,Seinen
265,3226,8.23,Comedy,Drama,Shounen,Sports
266,3091,8.24,Mystery,Comedy,Psychological,Supernatural,Drama
267,36990,8.23,Slice of Life,Comedy,Seinen
268,35466,8.22,Romance,School,Slice of Life
269,6,8.23,Action,Sci-Fi,Adventure,Comedy,Drama,Shounen
270,40784,8.23,Action,Mystery,Comedy,Super Power,Drama,Martial Arts
271,34537,8.23,Comedy,Romance
272,7674,8.23,Comedy,Drama,Romance,Shounen
273,36456,8.23,Action,Comedy,Super Power,School,Shounen
274,10800,8.23,Drama,Game,Josei,School,Slice of Life,Sports
275,5460,8.23,Action,Police,Mystery,Shounen
276,38731,8.23,Comedy,Sports,School,Shounen
277,265,8.23,Comedy,Sports,Shounen
278,18195,8.23,Slice of Life,Comedy,Supernatural,Drama,Romance,School
279,11977,8.23,Psychological,Drama,Magic,Thriller
280,512,8.23,Adventure,Comedy,Drama,Magic,Romance,Fantasy
281,585,8.23,Slice of Life,Drama,Romance,Shoujo
282,33051,8.23,Action,Drama,Mecha,Sci-Fi,Space
283,372,8.22,Comedy,Drama,Fantasy,Magic,Romance,Shoujo
284,22297,8.22,Action,Supernatural,Magic,Fantasy
285,36371,8.22,Action,Drama,Military,Sci-Fi,Space
286,18617,8.22,Military,School,Sports
287,1889,8.22,Mystery,Psychological,Supernatural,Thriller
288,6811,8.22,Action,Adventure,Comedy,Historical,Demons,Supernatural,Magic,Romance,Fantasy,Shounen
289,16664,8.22,Fantasy,Historical
290,4224,8.22,Slice of Life,Comedy,Romance,School
291,6864,8.22,Mystery,Supernatural
292,30503,8.21,Action,Adventure,Comedy,Supernatural,Shounen
293,19123,8.21,Action,Adventure,Comedy,Drama,Fantasy,Shounen,Super Power
294,38249,8.21,Comedy,School,Shounen,Slice of Life,Supernatural
295,12115,8.2,Action,Adventure,Demons,Drama,Fantasy,Horror,Military,Seinen,Supernatural
296,138,8.21,Action,Adventure,Super Power,Fantasy,Shounen
297,35677,8.21,Drama,Music,School
298,9890,8.21,Comedy,Drama,Shounen,Sports
299,962,8.19,Sci-Fi,Slice of Life,Fantasy,Shounen
300,34636,8.2,Comedy,Drama,Romance,School,Shounen,Sports
301,32867,8.2,Action,Mystery,Super Power,Supernatural,Seinen
302,28223,8.2,Game,Mystery,Psychological,Drama,Thriller
303,38680,8.19,Comedy,Drama,Romance,Shoujo,Slice of Life,Supernatural
304,37989,8.2,Action,Adventure,Historical,Seinen
305,36296,8.2,Sci-Fi,Slice of Life,Comedy,Supernatural,Seinen
306,28675,8.2,Fantasy,Slice of Life,Supernatural
307,32843,8.2,Action,Music,Sci-Fi
308,32282,8.19,Ecchi,School,Shounen
309,440,8.2,Comedy,Drama,Fantasy,Mystery,Psychological,Shoujo
310,19815,8.19,Game,Adventure,Comedy,Supernatural,Ecchi,Fantasy
311,38234,8.19,Action,Adventure,Comedy,Drama,Fantasy,Shounen,Super Power
312,853,8.19,Comedy,Harem,Romance,School,Shoujo
313,40080,8.19,Action,Game
314,35838,8.19,Adventure,Mystery,Sci-Fi,Slice of Life
315,2236,8.19,Adventure,Drama,Romance,Sci-Fi
316,31715,8.19,Comedy,Romance,Seinen,Slice of Life
317,37171,8.19,Comedy,School
318,1519,8.19,Action,Seinen
319,38088,8.19,Action,Adventure,Comedy,Drama
320,37520,8.19,Action,Adventure,Demons,Historical,Samurai,Shounen,Supernatural
321,1453,8.19,Slice of Life,Comedy,Drama,Romance,Seinen
322,38003,8.18,Action,Mystery,Seinen,Super Power,Supernatural
323,40421,8.17,Drama,Music,Romance,Shounen Ai,Slice of Life
324,11597,8.18,Mystery,Comedy,Supernatural,Ecchi
325,23623,8.18,Comedy,School,Seinen,Slice of Life
326,12859,8.18,Action,Adventure,Comedy,Drama,Fantasy,Shounen
327,13759,8.18,Slice of Life,Comedy,Drama,Romance,School
328,1735,8.17,Action,Adventure,Comedy,Super Power,Martial Arts,Shounen
329,4477,8.17,Comedy,Josei,Music,Romance,Slice of Life
330,4155,8.17,Action,Adventure,Comedy,Drama,Fantasy,Shounen
331,4107,8.17,Action,Comedy,Mecha
332,34822,8.17,Romance,School
333,47,8.17,Action,Military,Sci-Fi,Adventure,Horror,Supernatural,Seinen
334,32005,8.17,Action,Mystery,Police,Shounen
335,6746,8.17,Action,Mystery,Supernatural
336,39792,8.17,Adventure,Comedy,School,Seinen
337,239,8.17,Drama,Mystery,Sci-Fi,Supernatural,Thriller
338,3701,8.17,Adventure,Mystery,Romance,Sci-Fi
339,1604,8.17,Action,Comedy,Shounen,Super Power
340,35857,8.17,Action,Adventure,Comedy,Mystery,Seinen
341,10153,8.17,Action,Magic,Comedy,Sci-Fi,Drama
342,40435,8.17,Comedy,Historical,Supernatural,Magic
343,232,8.16,Adventure,Comedy,Drama,Magic,Romance,Fantasy,School,Shoujo
344,235,8.16,Adventure,Mystery,Comedy,Police,Shounen
345,37822,8.17,Action,Adventure,Historical,Supernatural,Martial Arts,Fantasy
346,42497,8.17,Action,Adventure,Historical,Romance,Martial Arts,Fantasy
347,813,8.15,Action,Adventure,Comedy,Fantasy,Martial Arts,Shounen,Super Power
348,44248,8.15,Comedy,Supernatural,Magic,Fantasy
349,121,8.16,Action,Adventure,Comedy,Drama,Fantasy,Magic,Military,Shounen
350,40815,8.16,Slice of Life,Fantasy
351,25681,8.16,Comedy,Demons,Supernatural,Romance,Fantasy,Shoujo
352,39198,8.15,Sci-Fi,Adventure,Space,Shounen
353,1827,8.16,Action,Adventure,Historical,Fantasy
354,15323,8.15,Action,Adventure,Comedy,Drama,Fantasy,Shounen,Super Power
355,3371,8.15,Action,Military,Sci-Fi,Space,Drama
356,18,8.15,Action,Cars,Sports,Drama,Seinen
357,7791,8.15,Comedy,Music,School,Slice of Life
358,30831,8.15,Adventure,Comedy,Fantasy,Magic,Parody,Supernatural
359,1430,8.15,Action,Adventure,Comedy,Mystery,Seinen
360,6336,8.15,Action,Military,Sci-Fi,Space,Drama,Mecha
361,6547,8.14,Action,Comedy,Drama,School,Supernatural
362,3901,8.14,Action,Comedy,Historical,Mystery,Supernatural
363,35608,8.15,Comedy,Drama,Romance,School,Slice of Life
364,6467,8.14,Action,Mystery,Police,Shounen
365,3702,8.14,Music,Comedy,Seinen
366,12189,8.14,Mystery,School,Slice of Life
367,37962,8.13,Music
368,38993,8.14,Slice of Life,Comedy,Romance,School,Shounen
369,1566,8.14,Military,Sci-Fi,Mystery,Police,Mecha,Seinen
370,11771,8.14,Comedy,School,Shounen,Sports
371,37514,8.14,Adventure,Drama,Fantasy,Mystery,Sci-Fi
372,32902,8.14,Slice of Life,Magic,Fantasy,Shounen
373,2581,8.14,Action,Military,Sci-Fi,Space,Drama,Mecha
374,721,8.14,Comedy,Drama,Fantasy,Magic,Mystery,Romance
375,40542,8.13,Slice of Life,Comedy,Supernatural,School,Shounen
376,35788,8.12,Ecchi,School,Shounen
377,4722,8.12,Comedy,Drama,Romance,Shoujo
378,4938,8.13,Action,Adventure,Mystery,Supernatural,Drama,Magic,Romance,Fantasy,Shounen
379,28025,8.13,Mystery,Comedy,Supernatural,Ecchi
380,34076,8.13,Comedy,Demons,Drama,Fantasy,Slice of Life
381,1364,8.13,Adventure,Police,Comedy,Mystery,Shounen
382,731,8.14,Adventure,Drama,Music,Sci-Fi
383,8129,8.13,Slice of Life,Comedy,Josei
384,24833,8.12,Action,Comedy,School,Shounen
385,18689,8.12,Comedy,School,Shounen,Sports
386,3016,8.12,Action,Drama,Military,Sci-Fi,Space
387,186,8.12,Action,Cars,Drama,Seinen,Sports
388,16662,8.12,Drama,Historical,Romance
389,22145,8.12,Action,Mystery,Comedy,Historical,Demons,Supernatural,Shounen
390,2150,8.13,Adventure,Comedy,Fantasy,Kids,Slice of Life
391,23283,8.12,Mystery,Psychological,Thriller
392,1559,8.1,Action,Comedy,Martial Arts,School,Shounen
393,24277,8.11,Comedy,Drama,Shounen,Sports
394,2025,8.11,Action,Sci-Fi,Mystery,Super Power
395,16918,8.11,Comedy,School,Shounen,Slice of Life
396,32122,8.11,Action,Comedy,Historical,Parody,Samurai,Shounen
397,35111,8.11,Comedy,Drama,School,Shounen,Sports
398,12069,8.1,Comedy,Drama,Shounen,Sports
399,20899,8.11,Action,Adventure,Supernatural,Drama,Shounen
400,23317,8.11,Action,Mystery,Comedy,Historical,Demons,Supernatural,Shounen
401,3927,8.11,Action,Drama,Mecha,Military,Sci-Fi,Space
402,39783,8.12,Harem,Comedy,Romance,School,Shounen
403,1367,8.1,Adventure,Mystery,Comedy,Police,Shounen
404,38668,8.1,Action,Comedy,Horror,Magic,Fantasy,Seinen
405,36946,8.1,Action,Adventure,Super Power,Martial Arts,Fantasy,Shounen
406,27833,8.1,Action,Mystery,Supernatural
407,27821,8.1,Action,Fantasy,Magic,Supernatural
408,25313,8.1,Action,Sci-Fi,Comedy,Historical,Parody,Samurai,Shounen
409,8425,8.1,Mystery,Historical,Drama,Romance
410,135,8.1,Comedy,Game,Shounen,Supernatural
411,18679,8.1,Action,Comedy,Super Power,Ecchi,School
412,2449,8.1,Action,Sci-Fi,Mystery,Police,Psychological,Mecha,Seinen
413,31051,8.1,Action,School,Shounen,Sports
414,21557,8.1,Mystery,Psychological,Drama
415,9130,8.1,Action,Adventure,Martial Arts,Shounen,Super Power,Supernatural
416,29831,8.1,Comedy,Drama,Slice of Life
417,5681,8.09,Sci-Fi,Comedy
418,39551,8.13,Comedy,Fantasy
419,40907,8.09,Action,Sci-Fi,Supernatural,School,Shounen
420,30370,8.09,Action,Comedy,Fantasy,Shoujo
421,40935,8.12,Slice of Life,Psychological,Drama,Shounen
422,31964,8.08,Action,Comedy,School,Shounen,Super Power
423,2164,8.09,Adventure,Comedy,Drama,Mystery,Sci-Fi
424,21419,8.09,Action,Mystery,Police,Shounen
425,36370,8.09,Action,Drama,Military,Sci-Fi,Space
426,2951,8.09,Action,Sci-Fi,Comedy,Historical,Parody,Samurai,Mecha,Shounen
427,35110,8.08,Comedy,Drama,School,Shounen,Sports
428,17739,8.09,Slice of Life,Comedy,School,Seinen
429,33323,8.09,Comedy,Demons,Supernatural,Romance,Fantasy,Shoujo
430,237,8.09,Adventure,Drama,Mecha,Romance,Sci-Fi
431,35062,8.09,Slice of Life,Magic,Fantasy,Shounen
432,302,8.09,Adventure,Drama,Sci-Fi
433,39592,8.09,Action,Military,Sci-Fi,Space,Mecha,Shounen
434,39565,8.07,Action,Super Power,Shounen
435,3167,8.08,Sci-Fi,Slice of Life
436,1974,8.08,Drama,Shoujo
437,15059,8.08,Action,Cars,Sports,Drama,Seinen
438,35848,8.07,Action,Mecha,Sci-Fi,Super Power
439,5365,8.07,Drama
440,4918,8.08,Mystery,Comedy,Psychological,Supernatural,Drama
441,33161,8.08,Comedy,Romance,School
442,1382,8.08,Adventure,Drama,Mecha,Sci-Fi,Shounen
443,1914,8.07,Adventure,Comedy,Drama,Fantasy,Historical,Romance
444,37430,8.07,Fantasy,Shounen
445,1506,8.07,Adventure,Comedy,Mystery,Police,Shounen
446,42496,8.08,Action,Adventure,Historical,Supernatural,Martial Arts,Fantasy
447,2759,8.07,Action,Sci-Fi,Psychological,Drama,Mecha
448,72,8.07,Action,Comedy,School
449,3665,8.08,Action,Military,Sci-Fi,Space,Drama
450,10643,8.07,Action,Comedy,Parody,Samurai
451,39570,8.07,Comedy,Game,Romance,School,Seinen
452,16706,8.07,Harem,Comedy,Supernatural,Romance,Shounen
453,3783,8.07,Action,Mystery,Supernatural,Drama,Thriller
454,31658,8.07,Sports,School,Shounen
455,851,8.07,Comedy,Shounen
456,16067,8.07,Drama,Fantasy,Romance
457,27663,8.06,Sports,Romance,School,Shounen
458,1471,8.06,Action,Comedy,Mystery,Shounen
459,2167,8.06,Comedy,Drama,Romance,School,Slice of Life,Supernatural
460,16,8.06,Comedy,Drama,Josei,Romance,Slice of Life
461,153,8.06,Action,Adventure,Fantasy,Magic,Supernatural
462,34626,8.06,Magic,Adventure,Fantasy,Comedy,Supernatural
463,2034,8.06,Comedy,Romance,Shoujo
464,14513,8.06,Action,Adventure,Fantasy,Magic,Shounen
465,1943,8.06,Dementia,Fantasy,Horror,Mystery,Psychological,Sci-Fi,Thriller
466,1257,8.06,Adventure,Sci-Fi,Shounen
467,36949,8.06,Ecchi,School,Shounen
468,21469,8.06,Comedy,Kids,Sci-Fi,Shounen
469,16049,8.06,Action,Sci-Fi,Super Power
470,40615,8.04,Slice of Life,Romance,Shounen Ai
471,14813,8.06,Slice of Life,Comedy,Drama,Romance,School
472,4921,8.05,Adventure
473,6211,8.05,Drama
474,25013,8.05,Action,Adventure,Comedy,Fantasy,Romance,Shoujo
475,37870,8.05,Music
476,889,8.05,Action,Seinen
477,4901,8.05,Action,Seinen
478,38408,8.05,Action,Comedy,Super Power,School,Shounen
479,1482,8.05,Action,Adventure,Comedy,Super Power,Demons,Shounen
480,7465,8.05,Sci-Fi,Slice of Life
481,38422,8.04,Comedy,Game,Romance,School,Seinen
482,7054,8.05,Comedy,Romance,School,Shoujo
483,781,8.04,Adventure,Mystery,Comedy,Police,Shounen
484,1363,8.04,Adventure,Mystery,Comedy,Police,Shounen
485,4789,8.04,Mystery,Supernatural,Drama,Romance
486,589,8.04,Action,Adventure,Drama,Shounen
487,38081,8.04,Military,School
488,14713,8.04,Comedy,Demons,Supernatural,Romance,Fantasy,Shoujo
489,1486,8.04,Comedy,Drama,Romance,Shoujo
490,12477,8.04,Adventure,Sci-Fi
491,535,8.04,Adventure,Comedy,Demons,Magic,Fantasy
492,7720,8.03,Comedy,Seinen,Sports
493,37932,8.02,Action,Game
494,30015,8.03,Slice of Life,Romance,School
495,846,8.03,Comedy,Romance,School,Shounen
496,339,8.04,Dementia,Drama,Mystery,Psychological,Sci-Fi,Supernatural
497,1023,8.03,Sci-Fi,Adventure,Psychological,Supernatural,Drama
498,39195,8.02,Slice of Life,Psychological,Drama,Shounen
499,34440,8.03,Action,Mecha,Military,School,Sci-Fi,Super Power
500,9963,8.03,Adventure,Mystery,Comedy,Police,Shounen
501,227,8.03,Action,Sci-Fi,Comedy,Parody,Dementia,Psychological,Mecha
502,6421,8.03,Military,Adventure,Drama,Magic,Fantasy,Shounen
503,39468,8.03,Slice of Life,Fantasy
504,14719,8.03,Action,Adventure,Supernatural,Vampire,Shounen
505,14807,8.03,Drama,Mystery,Seinen,Supernatural
506,12031,8.03,Action,Historical,Military,Seinen
507,16782,8.03,Slice of Life,Psychological,Drama,Romance
508,40397,8.03,Slice of Life,Comedy,Supernatural,Magic,Fantasy,Shounen
509,81,8.03,Adventure,Drama,Mecha,Military,Romance,Sci-Fi
510,2563,8.02,Sci-Fi,Slice of Life,Fantasy,Shounen
511,23199,8.02,Action,Mystery,Supernatural
512,268,8.02,Adventure,Comedy,Ecchi
513,6045,8.01,Slice of Life,Drama,Romance,School,Shoujo
514,33206,8.02,Slice of Life,Comedy,Fantasy
515,2448,8.02,Action,Sci-Fi,Mecha
516,5029,8.02,Action,Sports,Shounen
517,31251,8.02,Action,Drama,Mecha,Sci-Fi,Space
518,9204,8.02,Action,Adventure,Fantasy,Kids
519,31149,8.02,Action,Supernatural,Fantasy
520,42923,8.02,Comedy,Sports
521,1065,8.02,Sports,Romance,School,Drama,Slice of Life,Shounen
522,25879,8.02,Comedy,Romance,Seinen,Slice of Life
523,31174,8.01,Comedy,Parody
524,5682,8.0,Action,Drama,Seinen,Thriller
525,4053,8.01,Comedy,Sports,School,Shounen
526,861,8.01,Comedy,Drama,Mystery,Psychological,Supernatural
527,4772,8.01,Slice of Life,Comedy,Shounen
528,27831,8.01,Action,Mystery,Supernatural
529,2004,8.01,Comedy,Drama,Seinen,Slice of Life,Supernatural
530,40716,8.01,Slice of Life,Comedy,Shounen
531,9656,8.01,Slice of Life,Drama,Romance,School,Shoujo
532,4672,8.01,Action,Sci-Fi,Police,Psychological,Mecha,Seinen
533,31173,8.0,Drama,Romance,Fantasy,Shoujo
534,27989,8.0,Music,School,Drama
535,1530,8.0,Slice of Life,Supernatural,Drama,Romance
536,16001,8.0,Comedy,Drama,Romance,School,Slice of Life,Supernatural
537,17265,8.0,Action,Game,Adventure,Magic,Fantasy
538,20507,8.0,Action,Adventure,Comedy,Supernatural,Shounen
539,8740,8.0,Action,Adventure,Comedy,Fantasy,Shounen,Super Power
540,35790,8.0,Action,Adventure,Drama,Fantasy
541,37936,8.0,Action,Historical,Martial Arts,Fantasy
542,32615,8.0,Action,Military,Magic
543,34376,8.01,Drama,Fantasy,Magic,Slice of Life
544,10049,7.99,Action,Demons,Shounen,Supernatural
545,401,7.99,Romance,Samurai,Historical,Drama,Shounen
546,6171,7.99,Action,Adventure,Martial Arts,Shounen,Super Power,Supernatural
547,21647,7.99,Comedy,Romance,Slice of Life
548,18179,7.99,Comedy,Sports,Drama,Shounen
549,40911,7.99,Mystery,Historical,Psychological,Shounen
550,14075,7.98,Action,Mystery,Psychological,Drama,Magic,Fantasy,Shounen
551,4059,7.99,Drama,Romance,School,Slice of Life
552,223,7.99,Adventure,Comedy,Fantasy,Martial Arts,Shounen,Super Power
553,387,7.99,Slice of Life,Mystery,Psychological,Drama,Fantasy
554,21855,7.99,Mystery,Comedy,Supernatural
555,967,7.98,Action,Drama,Martial Arts,Sci-Fi,Shounen
556,9996,7.99,Historical,Samurai,Seinen
557,77,7.99,Action,Comedy,Drama,Magic,Super Power
558,66,7.97,Slice of Life,Comedy,School
559,34100,7.98,Action,Fantasy,Magic
560,645,7.98,Game,Shounen
561,18661,7.98,Comedy,Demons,Supernatural,Romance,Fantasy,Shoujo
562,2076,7.97,Mystery,Shounen
563,5678,7.98,Comedy,Drama,Romance,Fantasy
564,416,7.98,Action,Military,Adventure,Comedy,Historical,Drama,Romance
565,10721,7.98,Mystery,Comedy,Dementia,Psychological,Drama
566,15689,7.97,Comedy,Supernatural,Romance,Ecchi
567,2154,7.98,Action,Adventure,Psychological,Supernatural
568,11113,7.98,Josei,Slice of Life
569,33926,7.97,Action,Game
570,4106,7.97,Action,Adventure,Comedy,Drama,Sci-Fi,Shounen
571,34437,7.96,Action,Military,Sci-Fi,Super Power,Drama,Mecha
572,36369,7.97,Action,Drama,Military,Sci-Fi,Space
573,11739,7.97,Comedy,Drama,Romance,School,Shounen,Slice of Life
574,7222,7.97,Action,Mecha,Military,Music,Romance,Sci-Fi,Space
575,1089,7.97,Action,Military,Sci-Fi,Music,Space,Romance,Mecha
576,7338,7.96,Action,Mystery,Sci-Fi,Super Power
577,2952,7.96,Action,Fantasy,Super Power
578,73,7.96,Action,Military,Mecha
579,122,7.96,Music,Comedy,Supernatural,Drama,Romance,Shoujo
580,33970,7.96,Military,School
581,38337,7.96,Slice of Life,Comedy
582,36963,7.96,Music
583,6774,7.96,Comedy,Psychological,Drama,Seinen
584,11123,7.95,Comedy,Drama,Romance,Shounen Ai
585,35968,7.96,Comedy,Romance,Slice of Life
586,793,7.96,Mystery,Comedy,Psychological,Supernatural,Drama
587,17549,7.95,Comedy,School,Seinen,Slice of Life
588,28297,7.95,Comedy,Romance,Shoujo
589,29803,7.95,Action,Adventure,Fantasy,Game,Magic,Supernatural
590,8063,7.94,Comedy,Drama,Romance,Shounen Ai
591,16395,7.95,Comedy,School,Shounen
592,995,7.94,Action,Comedy,Sports,Shounen
593,41389,7.95,Comedy,Romance,Shounen
594,28,7.95,Comedy,Shounen
595,30279,7.95,Comedy,School,Shoujo Ai,Slice of Life
596,37435,7.94,Drama,Music,Sci-Fi
597,2924,7.94,Mystery,Drama,Romance
598,15,7.95,Action,Sports,Comedy,Shounen
599,38084,7.95,Action,Supernatural,Magic,Fantasy
600,30364,7.95,Comedy,Sports,Drama,School,Shounen
601,9289,7.95,Slice of Life,Comedy,Drama
602,934,7.94,Mystery,Dementia,Horror,Psychological,Supernatural,Thriller
603,28725,7.95,Drama,Romance,School
604,15039,7.94,Slice of Life,Supernatural,Drama
605,29893,7.94,Sci-Fi,Slice of Life,Fantasy,Shounen
606,6438,7.94,Adventure,Comedy,Mystery,Police,Shounen
607,31339,7.94,Action,Adventure,Comedy,Historical,Samurai,Fantasy,Seinen
608,23289,7.94,Comedy,Romance,School
609,3014,7.94,Action,Military,Sci-Fi,Space
610,3907,7.94,Sci-Fi,Adventure,Space,Romance,Shounen
611,29755,7.94,Comedy,Sports,Drama,School,Shounen
612,11239,7.94,Slice of Life,Comedy,School,Seinen
613,427,7.94,Comedy,Sports,Drama,Fantasy,Shoujo
614,10080,7.94,Comedy,Harem,Romance,Shounen,Supernatural
615,7711,7.93,Fantasy
616,24997,7.94,Music,School,Slice of Life
617,31490,7.94,Action,Adventure,Comedy,Drama,Fantasy,Shounen
618,2159,7.94,Comedy,Seinen,Sports
619,37675,7.94,Action,Magic,Fantasy,Game,Supernatural
620,957,7.94,Adventure,Comedy,Drama,Fantasy,Historical,Romance
621,20371,7.94,Comedy,Drama,Romance,Shounen Ai
622,2618,7.94,Adventure,Mystery,Historical,Drama
623,2752,7.94,Action,Comedy,Sports
624,9941,7.94,Action,Mystery,Comedy,Super Power
625,658,7.94,Game,Psychological,Thriller,Seinen
626,31098,7.94,Action,Adventure,Comedy,Demons,Supernatural,Shounen
627,41611,7.94,Slice of Life,Comedy,Supernatural
628,35382,7.95,Music,Sports
629,27775,7.93,Sci-Fi,Drama,Romance
630,114,7.93,Comedy,School,Shounen
631,24,7.93,Comedy,Romance,School,Shounen
632,12815,7.93,Slice of Life,Comedy,Josei
633,1470,7.93,Action,Comedy,Mystery,Shounen
634,34438,7.93,Action,Military,Sci-Fi,Super Power,Mecha,School
635,14353,7.93,Game,Mystery,Psychological,Drama,Thriller
636,10534,7.92,Adventure,Comedy,Kids,Fantasy,Mecha,Shounen
637,26213,7.93,Comedy,School,Slice of Life
638,2829,7.93,Adventure,Slice of Life,Historical,Drama
639,1594,7.93,Mystery,Horror,Psychological,Supernatural
640,13331,7.93,Action,Adventure,Seinen
641,27947,7.93,Action,Adventure,Comedy,Mystery,Seinen
642,1088,7.93,Action,Mecha,Military,Music,Romance,Sci-Fi,Space
643,31973,7.93,Action,Military,Sci-Fi,Space,Drama,Mecha
644,40215,7.91,Slice of Life,Comedy
645,12113,7.92,Action,Adventure,Demons,Drama,Fantasy,Horror,Military,Seinen,Supernatural
646,996,7.92,Adventure,Comedy,Drama,Fantasy,Magic,Romance,Shoujo
647,790,7.92,Psychological,Mystery,Sci-Fi
648,7062,7.92,Slice of Life,Comedy,School,Seinen
649,33221,7.92,Action,Military,Sci-Fi,Space,Drama,Mecha
650,85,7.92,Military,Sci-Fi,Space,Drama,Romance,Mecha
651,25161,7.92,Adventure,Comedy,Fantasy,Shounen
652,11813,7.92,Action,Martial Arts,Comedy,School,Shounen
653,2158,7.92,Action,Drama,Military,Sci-Fi,Space
654,6505,7.92,Comedy,Romance
655,37786,7.92,Romance,School,Shoujo Ai
656,32995,7.91,Comedy,Sports
657,3228,7.92,Comedy,Parody,School,Shounen
658,20,7.91,Action,Adventure,Comedy,Super Power,Martial Arts,Shounen
659,30885,7.9,Action,Adventure,Comedy,Shounen,Supernatural
660,36215,7.9,Action,Adventure,Comedy,Super Power,Drama,Fantasy,Shounen
661,9513,7.9,Action,Comedy,Demons,Supernatural,School,Shounen
662,38409,7.91,Action,Mystery,Comedy,Super Power,Drama,Romance,Martial Arts
663,22961,7.91,Slice of Life,Romance
664,29093,7.91,Drama
665,3572,7.91,Action,Space,Mecha,Romance,Military,Music,Sci-Fi
666,31741,7.9,Action,Adventure,Fantasy,Magic,Shounen
667,36563,7.91,Action,Sci-Fi,Slice of Life,Sports,Drama
668,8408,7.9,Action,Comedy,Supernatural
669,40046,7.9,Mystery,Police,Psychological,Sci-Fi
670,1096,7.9,Military,Sci-Fi,Mystery,Police,Drama,Mecha
671,33489,7.89,Adventure,Comedy,Fantasy,Magic,School
672,18429,7.9,Action,Comedy,Mystery,Shounen
673,4985,7.9,Action,Sci-Fi,Comedy,Drama,Magic
674,82,7.91,Military,Sci-Fi,Space,Drama,Mecha
675,6007,7.9,Adventure,Fantasy,Historical,Romance
676,2605,7.9,Comedy,Parody,School,Shounen
677,26123,7.9,Slice of Life,Comedy,School,Shounen
678,32093,7.89,Slice of Life,Comedy,School
679,22,7.9,Action,Comedy,Sports,School,Shounen
680,6582,7.9,Comedy,Parody,Seinen,Super Power
681,6377,7.9,Comedy,Parody,School,Shounen
682,949,7.89,Action,Comedy,Drama,Mecha,Military,Sci-Fi,Shounen,Space
683,543,7.89,Action,Sci-Fi,Horror,Drama,Romance,Vampire,Fantasy
684,10012,7.89,Comedy,Parody,Supernatural
685,780,7.89,Adventure,Mystery,Comedy,Police,Shounen
686,2890,7.89,Adventure,Fantasy
687,14175,7.89,Comedy,Drama,Slice of Life
688,187,7.89,Action,Cars,Sports,Drama,Romance,Seinen
689,4280,7.89,Action,Mystery,Supernatural,Thriller
690,24921,7.88,Action,Sci-Fi,Seinen
691,35075,7.88,Comedy,Demons,Fantasy,Seinen,Supernatural
692,429,7.88,Comedy,Drama,Shoujo
693,30745,7.88,Music
694,4163,7.88,Comedy,Parody,Romance,School,Shounen
695,3588,7.87,Action,Fantasy,Comedy,Supernatural,Shounen
696,20057,7.88,Sci-Fi,Space,Comedy
697,17909,7.88,Slice of Life,Comedy,Demons,Drama,Fantasy
698,42640,7.88,Slice of Life,Comedy,Supernatural
699,40858,7.87,Action,Sci-Fi,Police,Psychological
700,400,7.87,Action,Sci-Fi,Adventure,Space,Comedy
701,34504,7.87,Slice of Life,Comedy,School,Shounen
702,849,7.87,Comedy,Mystery,Parody,School,Sci-Fi,Slice of Life
703,10521,7.86,Comedy,Romance,Seinen,Slice of Life
704,23225,7.87,Comedy,Shoujo Ai,Slice of Life
705,2623,7.87,Drama,Historical
706,21877,7.87,Game,Comedy,Romance,School,Seinen
707,30415,7.87,Comedy,Drama,School,Slice of Life,Sports
708,24471,7.87,Comedy,Demons,Supernatural,Fantasy,Seinen
709,34451,7.87,Action,Comedy,Fantasy,Shounen,Super Power,Supernatural,Vampire
710,38080,7.87,Drama,Music,Romance,School,Shounen
711,16916,7.86,Sports,Comedy,School,Shounen
712,25517,7.87,Adventure,Comedy,Romance,Shounen
713,569,7.87,Military,Sci-Fi,Space,Comedy,Parody
714,23755,7.87,Action,Adventure,Ecchi,Fantasy,Magic,Shounen,Supernatural
715,1485,7.85,Comedy,Drama,Shoujo
716,9465,7.86,Action,Fantasy,Mecha,Military,Shounen
717,12893,7.86,Comedy,School,Shounen,Slice of Life
718,779,7.86,Adventure,Mystery,Comedy,Police,Shounen
719,37150,7.86,Action,Adventure,Fantasy,Historical,Martial Arts,Romance
720,2035,7.86,Slice of Life,Romance,Historical,Drama,Seinen
721,29095,7.85,Drama,Harem,Psychological,Romance
722,267,7.86,Action,Drama,Sci-Fi,Seinen,Super Power
723,2762,7.86,Action,Adventure,Comedy,Romance,School,Shounen
724,32380,7.86,Adventure,Comedy,Supernatural,Magic,Fantasy
725,1695,7.86,Slice of Life,Historical,Drama,Shoujo
726,34745,7.86,Adventure,Comedy,Magic,Fantasy,Shounen
727,33190,7.86,Sci-Fi,Drama
728,12445,7.86,Horror,Mystery,Romance,School,Shounen,Supernatural
729,38349,7.85,Slice of Life,Comedy,Romance
730,6586,7.86,Kids,School,Shoujo
731,38201,7.86,Comedy,Parody
732,20815,7.85,Romance,Comedy,Shounen Ai
733,35507,7.84,Slice of Life,Psychological,Drama,School
734,12403,7.85,Slice of Life,Comedy,School,Shoujo Ai
735,21185,7.85,Romance,School,Shounen,Sports
736,532,7.85,Drama,Magic,Romance,Shoujo
737,4872,7.85,Comedy,Parody,School,Shounen
738,249,7.85,Action,Adventure,Comedy,Historical,Demons,Supernatural,Magic,Romance,Fantasy,Shounen
739,34021,7.85,Action,Adventure,Drama,Seinen
740,1729,7.85,Drama,School,Shoujo Ai,Slice of Life
741,4087,7.85,Action,Adventure
742,32998,7.84,Action,Drama,Historical
743,9724,7.84,Action,Military,Fantasy,Mecha,Shounen
744,34944,7.85,Action,Comedy,Mystery,Super Power,Supernatural
745,6351,7.84,Drama,Romance,School
746,10029,7.84,Historical,Romance,School,Shoujo
747,35222,7.85,Comedy,School,Shoujo,Slice of Life
748,3604,7.84,Slice of Life,Comedy,School,Seinen
749,37029,7.84,Comedy,Demons,Fantasy,Seinen,Supernatural
750,5781,7.83,Action,Comedy,Ecchi,Fantasy,Harem,Mecha,School
751,12413,7.84,Action,Adventure,Seinen
752,253,7.84,Slice of Life,Comedy,School
753,4814,7.84,Comedy,Drama,Romance,Shounen Ai
754,5680,7.84,Music,Slice of Life,Comedy,School
755,9734,7.84,Comedy,Music,School,Slice of Life
756,3782,7.84,Action,Mystery,Supernatural,Romance,Thriller
757,14349,7.84,Adventure,Comedy,Magic,Fantasy,School
758,22097,7.84,Action,Adventure,Fantasy,Magic,Shounen
759,15771,7.84,Comedy,Seinen,Slice of Life
760,8038,7.83,Comedy,Josei,Music,Romance
761,32547,7.83,Comedy,School,Seinen,Slice of Life
762,36796,7.84,Mystery,Comedy,Supernatural,Vampire
763,322,7.83,Comedy,Drama,Josei,Romance,Slice of Life
764,9088,7.83,Action,Adventure,Drama,Fantasy
765,397,7.83,Action,Military,Romance,Sci-Fi,Space
766,18397,7.84,Action,Super Power,Drama,Fantasy,Shounen
767,1172,7.83,Adventure,Comedy,Demons,Magic,Fantasy,Shounen
768,1921,7.83,Action,Adventure,Comedy,Romance,Drama,Sci-Fi
769,388,7.83,Cars,Sports,Shounen
770,38990,7.84,Historical,Demons,Supernatural,Drama
771,1366,7.83,Adventure,Mystery,Comedy,Police,Shounen
772,35120,7.83,Action,Dementia,Demons,Horror,Supernatural
773,2321,7.83,Action,Sci-Fi,Super Power,Drama,Mecha,Shounen
774,36028,7.83,Action,Adventure,Historical,Seinen
775,9563,7.83,Slice of Life,Comedy,School,Seinen
776,254,7.83,Comedy,Slice of Life
777,6862,7.83,Comedy,Music,School,Slice of Life
778,23293,7.83,Action,Adventure,Drama,Seinen
779,1472,7.82,Action,Comedy,Mystery,Shounen
780,8142,7.82,Drama,Slice of Life,Supernatural
781,2761,7.83,Sci-Fi,Space,Drama,Mecha
782,7304,7.82,Adventure,Mystery
783,38770,7.82,Action,Mystery,Comedy,Police,Drama,Shounen
784,37033,7.81,Slice of Life,Comedy
785,29787,7.82,Slice of Life,Comedy
786,15809,7.82,Comedy,Demons,Supernatural,Romance,Fantasy
787,5630,7.82,Action,Sci-Fi,Mystery,Drama,Romance,Thriller
788,468,7.82,Military,Sci-Fi,Police,Psychological,Mecha
789,11887,7.82,Slice of Life,Comedy,Supernatural,Drama,Romance,School
790,33263,7.82,Action,Mystery,Supernatural,Drama
791,97,7.82,Action,Sci-Fi,Adventure
792,4472,7.82,Comedy,Parody,School,Slice of Life
793,5310,7.82,Action,Mecha,Military,Music,Romance,Sci-Fi,Space
794,34577,7.81,Action,Adventure,Fantasy,Magic,Shounen,Supernatural
795,30952,7.82,Cars,Seinen,Sports
796,7588,7.82,Mystery,Historical,Drama,Samurai,Seinen
797,39575,7.82,Adventure,Slice of Life,Demons,Drama,Fantasy
798,202,7.82,Action,Adventure,Drama,Fantasy,Mystery,Sci-Fi
799,890,7.82,Adventure,Mecha,Sci-Fi,Shounen
800,2143,7.81,Action,Adventure,Drama,Fantasy,Shoujo
801,10083,7.81,Mystery,Horror,Supernatural,Thriller,Vampire
802,5005,7.8,Comedy,Parody,Super Power,Seinen
803,34375,7.81,Drama,Fantasy,Magic,Slice of Life
804,9252,7.81,Action,Military,Fantasy,Mecha,Shounen
805,6768,7.81,Action,Military,Super Power,Mecha
806,1505,7.81,Adventure,Mystery,Comedy,Police,Shounen
807,4447,7.81,Adventure,Police,Comedy,Mystery,Shounen
808,1491,7.81,Sci-Fi,Adventure,Space,Drama
809,3750,7.81,School,Shoujo,Shoujo Ai,Slice of Life
810,2273,7.81,Action,Space,Mecha,Military,Drama,Sci-Fi
811,269,7.8,Action,Adventure,Comedy,Super Power,Supernatural,Shounen
812,42250,7.82,Slice of Life,Comedy,Supernatural
813,35320,7.8,Fantasy,Romance,Shoujo
814,35798,7.81,Action,Mystery,Police,Drama
815,1571,7.8,Mystery,Comedy,Horror,Supernatural,Shoujo
816,1824,7.8,Drama,Historical
817,40262,7.8,Comedy,Sports,Drama,School,Shounen
818,20431,7.8,Comedy,Demons,Supernatural,Fantasy,Seinen
819,4080,7.8,Adventure,Comedy,Demons,Fantasy,Shoujo
820,19111,7.8,Music,School,Slice of Life
821,8310,7.8,Adventure,Comedy,Romance,Shounen
822,875,7.8,Adventure,Comedy,Dementia,Psychological,Romance
823,29830,7.8,Comedy,Drama,Slice of Life
824,17949,7.8,Music
825,12017,7.8,Action,Mystery,Comedy,Super Power
826,22319,7.8,Action,Mystery,Horror,Psychological,Supernatural,Drama,Seinen
827,11001,7.8,Action,Comedy,Military,Romance
828,7044,7.8,Comedy,Parody,School,Shounen
829,597,7.79,Adventure,Drama,Fantasy
830,28881,7.79,Cars,Seinen,Sports
831,795,7.8,Psychological,Drama,School,Shoujo,Shoujo Ai
832,30727,7.79,Harem,Comedy,Romance,Ecchi,School
833,10119,7.79,Comedy,School,Shounen,Slice of Life
834,30902,7.79,Slice of Life,Comedy,Shoujo Ai
835,37985,7.79,Comedy,Slice of Life
836,31478,7.79,Action,Comedy,Mystery,Seinen,Super Power,Supernatural
837,552,7.78,Action,Adventure,Comedy,Fantasy,Kids
838,7645,7.79,Action,Slice of Life,Comedy,Magic,Fantasy,School,Shoujo
839,11237,7.79,Slice of Life,Comedy,School,Seinen
840,2828,7.79,Adventure,Drama,Historical,Kids,Slice of Life
841,451,7.79,Action,Adventure,Comedy,Historical,Demons,Supernatural,Drama,Magic,Romance,Fantasy,Shounen
842,39534,7.79,Comedy,School,Shounen,Supernatural
843,13767,7.79,Comedy,Drama,Romance,Shounen Ai
844,6115,7.79,Action,Adventure,Comedy,Mystery,Shounen
845,1425,7.8,Action,Adventure,Mystery,Comedy,Seinen
846,40082,7.79,Action,Adventure,Mystery,Comedy,Seinen
847,30123,7.78,Fantasy,Romance,Drama,Shoujo
848,37873,7.78,Music,Comedy
849,1473,7.78,Action,Comedy,Mystery,Shounen
850,8609,7.78,Adventure,Comedy,Mystery,Police,Shounen
851,33280,7.78,Slice of Life,Comedy
852,17895,7.78,Comedy,Drama,Romance
853,19319,7.78,Action,Sci-Fi,Mecha
854,570,7.79,Military,Police,Psychological,Drama,Romance
855,10357,7.78,Comedy,Fantasy,Seinen
856,1379,7.78,Adventure,Drama,Fantasy
857,35363,7.77,Slice of Life,Comedy,Fantasy
858,19703,7.78,Action,Fantasy,Supernatural
859,19489,7.78,Adventure,Comedy,Magic,Fantasy,School
860,13203,7.78,Action,Adventure,Comedy,Ecchi,Samurai,Seinen
861,80,7.78,Action,Military,Sci-Fi,Space,Mecha
862,93,7.78,Action,Drama,Mecha,Military,Romance,Sci-Fi,Space
863,154,7.78,Action,Adventure,Comedy,Super Power,Supernatural,Shounen
864,7724,7.78,Horror,Mystery,Supernatural,Thriller,Vampire
865,21867,7.78,Adventure,Police,Comedy,Mystery,Shounen
866,19613,7.77,Action,Cars,Seinen,Sports
867,35073,7.77,Action,Game,Adventure,Supernatural,Magic,Fantasy
868,1254,7.77,Adventure,Fantasy,Sci-Fi,Shounen
869,9926,7.77,Comedy,Drama,Romance,Shounen Ai
870,36702,7.77,Action,Drama,Fantasy,Shounen,Super Power
871,24893,7.77,Action,Sci-Fi,Space,Mecha,Seinen
872,8311,7.77,Adventure,Supernatural,Fantasy,Shounen
873,23249,7.77,Action,Military,Sci-Fi,Space,Drama
874,1818,7.77,Action,Adventure,Super Power,Demons,Supernatural,Fantasy,Shounen
875,2397,7.77,Sci-Fi,Adventure,Comedy,Kids
876,31637,7.77,Action,Military,Adventure,Fantasy
877,27633,7.77,Comedy,Romance,School
878,2508,7.77,Comedy,Parody,Slice of Life
879,35678,7.76,Music,Drama,School
880,33899,7.77,Music
881,35860,7.76,Slice of Life,Comedy,Romance,School,Shounen
882,3545,7.77,Slice of Life,Comedy,Police
883,18153,7.77,Slice of Life,Supernatural,Fantasy
884,1092,7.77,Action,Military,Sci-Fi,Adventure,Space,Drama,Mecha
885,28999,7.76,Drama,School,Super Power
886,14741,7.76,Slice of Life,Comedy,Drama,Romance,School
887,40956,7.76,Action,Supernatural,Shounen
888,317,7.76,Action,Super Power,Fantasy
889,40372,7.76,Sports,Shounen
890,13119,7.76,Action,Historical,Supernatural,Drama,Samurai,Josei
891,10090,7.76,Military,Sci-Fi,Mystery,Police,Mecha,Seinen
892,1887,7.76,Slice of Life,Comedy,Parody,School
893,91,7.76,Action,Drama,Mecha,Military,Sci-Fi,Space
894,20767,7.76,Action,Adventure,Comedy,Supernatural,Shounen
895,20159,7.76,Action,Adventure,Comedy,Fantasy,Kids
896,210,7.76,Slice of Life,Comedy,Martial Arts,Fantasy,Shounen
897,1253,7.76,Action,Adventure,Demons,Fantasy,Sci-Fi,Shounen,Super Power
898,23777,7.76,Action,Super Power,Drama,Fantasy,Shounen
899,36106,7.76,Action,Horror,Supernatural,Drama,Fantasy
900,39940,7.76,Ecchi,School,Shounen
901,534,7.75,Adventure,Comedy,Demons,Magic,Fantasy
902,29829,7.76,Comedy,Drama,Slice of Life
903,407,7.76,Comedy,Drama,Mystery,Police,Shounen
904,26,7.76,Action,Sci-Fi,Psychological,Drama
905,479,7.76,Action,Adventure,Comedy,Super Power,Supernatural,Drama,Shounen
906,2753,7.76,Historical,Drama
907,1562,7.75,Comedy,Shoujo
908,33350,7.76,Action,Supernatural
909,34914,7.75,Game,Slice of Life,Comedy
910,1007,7.75,Comedy,Martial Arts,Romance,Shounen
911,6591,7.75,Historical,Romance
912,517,7.75,Comedy,Romance,School,Shounen
913,37804,7.75,Comedy,Drama
914,16870,7.75,Action,Super Power,Romance,Martial Arts,Shounen
915,32673,7.75,Slice of Life,Fantasy,Seinen
916,9074,7.75,Comedy,Romance,Seinen
917,8516,7.75,Comedy,Romance,School,Super Power
918,10218,7.75,Action,Military,Adventure,Demons,Supernatural,Fantasy,Seinen
919,6024,7.75,Comedy,Kids,Slice of Life
920,32370,7.74,Action,Adventure,Super Power,Demons,Shounen
921,38145,7.75,Slice of Life,Comedy
922,5835,7.75,Drama,Romance,Shoujo
923,35082,7.74,Drama,Music,School
924,25649,7.75,Comedy,Drama,Romance,Shounen Ai
925,1910,7.75,Adventure,Drama,Historical,Mystery,Seinen,Slice of Life
926,7193,7.74,Drama,Historical,Psychological,Seinen,Thriller
927,1520,7.74,Drama,Mystery,Psychological,Thriller
928,8514,7.74,Action,Fantasy,Mecha,Military,Shounen
929,35198,7.74,School,Slice of Life,Sports
930,28907,7.74,Action,Adventure,Fantasy,Military
931,38333,7.74,Comedy,Slice of Life
932,6984,7.74,Slice of Life,Comedy,School,Seinen
933,4886,7.74,Adventure,Comedy,Demons,Supernatural,Magic,Romance,Fantasy,Shounen
934,4898,7.74,Action,Mystery,Comedy,Historical,Demons,Supernatural,Shounen
935,20517,7.74,Slice of Life,Comedy,Supernatural,Drama,Romance,School
936,21339,7.74,Action,Military,Police,Sci-Fi
937,37442,7.74,Action,Sci-Fi,Police,Psychological
938,2104,7.74,Comedy,Parody,Romance,School,Shounen
939,9930,7.74,Music
940,5074,7.74,Action,Sci-Fi,Comedy
941,1375,7.74,Comedy,Historical,Romance,School,Shoujo,Slice of Life
942,31764,7.73,Action,Adventure,Fantasy,Military
943,31289,7.72,Action,Adventure,Comedy,Super Power,Drama,Fantasy,Shounen
944,31704,7.73,Action,Sci-Fi,Comedy,Parody,Super Power,Supernatural
945,1719,7.73,Action,Comedy,Drama,Magic,Seinen
946,20847,7.73,Slice of Life,Comedy,School,Shounen
947,2582,7.73,Action,Space,Mecha,Military,Drama,Sci-Fi
948,32863,7.73,Action,Comedy,School,Shounen
949,12117,7.73,Adventure,Comedy,Mystery,Police,Shounen,Sports
950,25303,7.73,Shounen,Sports
951,35806,7.73,Sports,Shounen
952,4192,7.73,Action,Harem,Comedy,Parody,Romance,Shounen
953,8426,7.73,Drama,Romance,School,Seinen,Slice of Life
954,36593,7.73,Action,Magic,Fantasy,Shoujo
955,8525,7.72,Comedy,Harem,Romance,Shounen,Supernatural
956,22673,7.73,Comedy,Sports
957,32871,7.73,Comedy,Sports,Shounen
958,35658,7.73,Comedy,Sports,Shounen
959,25015,7.73,Action,Supernatural,Fantasy
960,38958,7.72,Comedy
961,1462,7.73,Drama,Horror,Psychological,Sci-Fi
962,41433,7.71,Action,Sci-Fi
963,37924,7.72,Comedy,School,Slice of Life
964,36214,7.72,Romance,School,Shoujo Ai
965,13535,7.72,Comedy,Parody,Shounen,Supernatural
966,31733,7.72,Demons,Magic,Romance,Shoujo
967,1689,7.71,Drama,Romance,Slice of Life
968,2450,7.72,Comedy,Sci-Fi,Seinen
969,2724,7.72,Action,Sci-Fi,Adventure,Music,Mecha
970,6033,7.72,Action,Adventure,Comedy,Fantasy,Martial Arts,Shounen,Super Power
971,985,7.72,Adventure,Drama,Fantasy,Shounen
972,22043,7.72,Action,Adventure,Comedy,Fantasy,Magic,Shounen
973,21659,7.72,Action,Comedy,Super Power,School
974,34544,7.72,Action,Horror,Supernatural,Drama,Fantasy
975,474,7.72,Drama,Mecha,Military,Romance,Sci-Fi,Space
976,1211,7.72,Action,Adventure,Mecha,Military,Romance,Sci-Fi,Space
977,90,7.72,Action,Military,Sci-Fi,Space,Drama,Mecha
978,15959,7.72,Action,Demons,Shounen,Supernatural
979,31772,7.72,Action,Sci-Fi,Comedy,Parody,Super Power,Supernatural
980,8795,7.72,Action,Comedy,Parody,Supernatural,Ecchi
981,396,7.72,Action,Military,Romance,Sci-Fi,Space
982,33502,7.72,Sci-Fi,Drama,Romance,Fantasy
983,6213,7.72,Action,Sci-Fi,Super Power
984,1376,7.71,Comedy,Fantasy,Magic,Shoujo
985,5530,7.71,Adventure,Fantasy,Mystery,Shounen,Supernatural
986,35240,7.71,Action,Mystery,Historical
987,582,7.71,Comedy,Martial Arts,School,Shounen
988,28069,7.71,Music,Shounen
989,5485,7.7,Action,Super Power,Drama,Mecha,Shounen
990,2451,7.71,Action,Adventure,Sci-Fi,Space
991,38917,7.72,Comedy,Historical,Drama,Romance
992,1000,7.71,Action,Sci-Fi,Adventure,Space,Drama,Seinen
993,31483,7.71,Drama,Fantasy,Romance,Shoujo
994,21405,7.71,Slice of Life,Comedy,Romance,School,Seinen
995,10092,7.71,Action,Military,Fantasy,Mecha,Shounen
996,2994,7.71,Mystery,Police,Psychological,Supernatural,Thriller
997,28479,7.71,Action,Mystery,Police,Shounen
998,30191,7.71,Action,Mystery,Supernatural
999,18619,7.71,Military,School,Sports
