ID,Label,Interval
0,Fullmetal Alchemist Brotherhood,42.50370728
1,Shingeki no Kyojin The Final Season,41.13494686
2,Shingeki no Kyojin Season 3 Part 2,39.37166396
3,Steins Gate,39.37166396
4,Gintama,38.94161181
5,Hunter x Hunter 2011,38.51579195
6,Ginga Eiyuu Densetsu,37.67670117
7,Gintama,37.67670117
8,Gintama Enchousen,36.4488898
9,3-gatsu no Lion 2nd Season,34.86784401
10,Koe no Katachi,34.48235489
11,Gintama,34.1007057
12,Clannad After Story,33.3487912
13,Gintama,33.3487912
14,Gintama Movie 2 Kanketsu-hen - Yorozuya yo Eien Nare,32.9784586
15,Kimi no Na wa,32.9784586
16,Owarimonogatari 2nd Season,32.24887648
17,Code Geass Hangyaku no Lelouch R2,31.53385311
18,Gintama Shirogane no Tamashii-hen - Kouhan-sen,29.80830071
19,Haikyuu Karasuno Koukou vs Shiratorizawa Gakuen Koukou,29.80830071
20,Mob Psycho 100 II,29.14222118
21,Gintama The Final,28.16819925
22,Kizumonogatari III Reiketsu-hen,28.48956717
23,Sen to Chihiro no Kamikakushi,28.48956717
24,Gintama Shirogane no Tamashii-hen,28.16819925
25,Cowboy Bebop,27.22357518
26,Fate stay night Movie Heavens Feel - III Spring Song,27.22357518
27,Monogatari Series Second Season,27.22357518
28,Shouwa Genroku Rakugo Shinjuu Sukeroku Futatabi-hen,27.22357518
29,Monster,26.91509602
30,Mushishi Zoku Shou 2nd Season,26.60976637
31,Hajime no Ippo,26.30755761
32,Made in Abyss,26.00844135
33,Haikyuu Second Season,25.4193739
34,Kaguya-sama wa Kokurasetai Tensai-tachi no Renai Zunousen,25.4193739
35,Made in Abyss Movie 3 Fukaki Tamashii no Reimei,25.71238942
36,Rurouni Kenshin Meiji Kenkaku Romantan - Tsuioku-hen,25.71238942
37,Shigatsu wa Kimi no Uso,25.71238942
38,Kimetsu no Yaiba Movie Mugen Ressha-hen,25.4193739
39,Mushishi Zoku Shou,25.4193739
40,Code Geass Hangyaku no Lelouch,25.12936706
41,Mononoke Hime,25.12936706
42,Vinland Saga,25.12936706
43,Great Teacher Onizuka,24.84234141
44,Mushishi,24.55826969
45,Seishun Buta Yarou wa Yumemiru Shoujo no Yume wo Minai,24.27712484
46,Natsume Yuujinchou Shi,23.99888003
47,Ashita no Joe 2,23.72350862
48,Hajime no Ippo New Challenger,23.99888003
49,Howl no Ugoku Shiro,23.99888003
50,Tengen Toppa Gurren Lagann,23.72350862
51,Violet Evergarden Movie,23.72350862
52,Natsume Yuujinchou Roku,23.45098423
53,Suzumiya Haruhi no Shoushitsu,23.45098423
54,Yakusoku no Neverland,23.18128064
55,Ookami Kodomo no Ame to Yuki,22.91437188
56,Violet Evergarden,23.18128064
57,Ping Pong the Animation,22.91437188
58,Re Zero kara Hajimeru Isekai Seikatsu 2nd Season Part 2,23.72350862
59,Death Note,22.91437188
60,Mushishi Zoku Shou Suzu no Shizuku,22.91437188
61,Kimetsu no Yaiba,22.38883597
62,Kizumonogatari II Nekketsu-hen,22.38883597
63,Shingeki no Kyojin Season 3,22.38883597
64,Shouwa Genroku Rakugo Shinjuu,22.13015788
65,Yojouhan Shinwa Taikei,22.13015788
66,Yuru Camp Season 2,22.13015788
67,JoJo no Kimyou na Bouken Part 5 Ougon no Kaze,22.13015788
68,Jujutsu Kaisen TV,22.65023218
69,Fate stay night Movie Heavens Feel - II Lost Butterfly,21.87417278
70,Fate Zero 2nd Season,21.87417278
71,Hajime no Ippo Rising,21.87417278
72,Kimi no Suizou wo Tabetai,21.87417278
73,Natsume Yuujinchou Go,21.87417278
74,Natsume Yuujinchou San,21.87417278
75,Bakuman 3rd Season,21.62085571
76,Mushishi Hihamukage,21.37018191
77,One Punch Man,21.12212686
78,Tengen Toppa Gurren Lagann Movie 2 Lagann-hen,21.37018191
79,Zoku Natsume Yuujinchou,21.37018191
80,Sora yori mo Tooi Basho,21.12212686
81,Haikyuu To the Top 2nd Season,21.12212686
82,Holo no Graffiti,20.8766662
83,Kara no Kyoukai 5 Mujun Rasen,21.12212686
84,Ansatsu Kyoushitsu 2nd Season,20.39343165
85,Fruits Basket 2nd Season,20.63377577
86,Gintama The Semi-Final,20.63377577
87,Horimiya,19.92028744
88,Koukaku Kidoutai Stand Alone Complex 2nd GIG,20.63377577
89,Aria the Origination,20.39343165
90,Gintama Porori-hen,20.39343165
91,Slam Dunk,20.39343165
92,Neon Genesis Evangelion The End of Evangelion,20.15561005
93,One Piece,20.15561005
94,Uchuu Kyoudai,20.15561005
95,Chihayafuru 3,19.92028744
96,Gintama Movie 1 Shinyaku Benizakura-hen,20.15561005
97,Haikyuu,20.15561005
98,Kono Subarashii Sekai ni Shukufuku wo Kurenai Densetsu,20.15561005
99,Hotaru no Haka,19.92028744
100,JoJo no Kimyou na Bouken Part 4 Diamond wa Kudakenai,19.68744043
101,Rainbow Nisha Rokubou no Shichinin,19.92028744
102,Steins Gate 0,19.92028744
103,Samurai Champloo,19.68744043
104,Re Zero kara Hajimeru Isekai Seikatsu 2nd Season,19.45704585
105,Shingeki no Kyojin,19.45704585
106,Steins Gate Movie Fuka Ryouiki no Dj vu,19.45704585
107,Tian Guan Ci Fu Special,19.68744043
108,Zoku Owarimonogatari,19.45704585
109,Kenpuu Denki Berserk,19.45704585
110,Mo Dao Zu Shi,19.45704585
111,Mob Psycho 100,19.22908072
112,Perfect Blue,19.22908072
113,Nichijou,19.00352223
114,Saenai Heroine no Sodatekata Fine,19.00352223
115,Saiki Kusuo no -nan 2,19.00352223
116,Owarimonogatari,18.78034777
117,Shingeki no Kyojin Season 2,18.78034777
118,Banana Fish,18.78034777
119,Golden Kamuy 3rd Season,18.78034777
120,Mushishi Zoku Shou Odoro no Michi,18.78034777
121,Nana,18.78034777
122,Koukaku Kidoutai Stand Alone Complex,18.55953493
123,Major S5,18.55953493
124,Saiki Kusuo no -nan,18.34106146
125,Sayonara no Asa ni Yakusoku no Hana wo Kazarou,18.55953493
126,Yahari Ore no Seishun Love Comedy wa Machigatteiru Kan,18.55953493
127,YuuYuuHakusho,18.55953493
128,Gintama Yorinuki Gintama-san on Theater 2D,18.34106146
129,Gotcha,18.55953493
130,JoJo no Kimyou na Bouken Part 3 Stardust Crusaders 2nd Season,18.34106146
131,Kaze ga Tsuyoku Fuiteiru,18.34106146
132,Mahou Shoujo MadokaMagica Movie 3 Hangyaku no Monogatari,18.34106146
133,3-gatsu no Lion,17.91104458
134,Cross Game,18.1249053
135,Kaguya-sama wa Kokurasetai Tensai-tachi no Renai Zunousen,17.91104458
136,Kara no Kyoukai 7 Satsujin Kousatsu Go,18.1249053
137,Mo Dao Zu Shi 2nd Season,18.1249053
138,Mononoke,18.1249053
139,Chihayafuru 2,17.91104458
140,Kono Oto Tomare 2nd Season,17.91104458
141,Usagi Drop,17.91104458
142,Natsume Yuujinchou Movie Utsusemi ni Musubu,17.69945761
143,Ano Hi Mita Hana no Namae wo Bokutachi wa Mada Shiranai,17.69945761
144,Baccano,17.69945761
145,Barakamon,17.69945761
146,Gintama Aizome Kaori-hen,17.69945761
147,Grand Blue,17.69945761
148,Houseki no Kuni TV,17.69945761
149,Hunter x Hunter,17.69945761
150,Mushoku Tensei Isekai Ittara Honki Dasu,18.34106146
151,Hellsing Ultimate,17.28301903
152,Kaze no Tani no Nausica,17.49012287
153,Kizumonogatari I Tekketsu-hen,17.49012287
154,Natsume Yuujinchou Roku Specials,17.49012287
155,Violet Evergarden Gaiden Eien to Jidou Shuki Ningyou,17.49012287
156,Shingeki no Kyojin Kuinaki Sentaku,17.28301903
157,Tenki no Ko,17.28301903
158,Bakuman 2nd Season,17.28301903
159,Cowboy Bebop Tengoku no Tobira,17.28301903
160,Kingdom 3rd Season,17.28301903
161,Kiseijuu Sei no Kakuritsu,17.28301903
162,Mahou Shoujo MadokaMagica Movie 2 Eien no Monogatari,17.28301903
163,Haikyuu To the Top,17.07812493
164,Kingdom 2nd Season,17.07812493
165,Psycho-Pass,17.07812493
166,Pui Pui Molcar,17.69945761
167,Seishun Buta Yarou wa Bunny Girl Senpai no Yume wo Minai,16.87541959
168,Uchuu Senkan Yamato 2199,16.87541959
169,Hotarubi no Mori e,16.87541959
170,Kamisama Hajimemashita Kako-hen,16.87541959
171,Mahou Shoujo MadokaMagica,16.87541959
172,Major S6,16.87541959
173,Bakemonogatari,16.67488219
174,Boku dake ga Inai Machi,16.67488219
175,Great Pretender,16.67488219
176,Katanagatari,16.67488219
177,Luo Xiao Hei Zhan Ji Movie,16.87541959
178,Ookami to Koushinryou II,16.67488219
179,Natsume Yuujinchou Itsuka Yuki no Hi ni,16.47649211
180,Non Non Biyori Nonstop,16.47649211
181,One Outs,16.47649211
182,Romeo no Aoi Sora,16.47649211
183,Sakamichi no Apollon,16.47649211
184,Shinsekai yori,16.47649211
185,Shirobako,16.47649211
186,Kemono no Souja Erin,16.47649211
187,Major World Series,16.47649211
188,Mobile Suit Gundam The Origin,16.47649211
189,Evangelion 20 You Can Not Advance,16.28022888
190,Fate Zero,16.08607221
191,Gintama Shiroyasha Koutan,16.28022888
192,Made in Abyss Movie 2 Hourou Suru Tasogare,16.28022888
193,Shelter,16.08607221
194,Steins Gate Oukoubakko no Poriomania,16.28022888
195,Tian Guan Ci Fu,16.28022888
196,Natsume Yuujinchou,16.08607221
197,Natsume Yuujinchou Go Specials,16.08607221
198,NHK ni Youkoso,16.08607221
199,Versailles no Bara,16.28022888
200,Dr Stone,16.08607221
201,Fate stay night Unlimited Blade Works 2nd Season,16.08607221
202,Given,16.08607221
203,Hunter x Hunter Original Video Animation,16.08607221
204,K-On Movie,16.08607221
205,Kino no Tabi The Beautiful World,16.08607221
206,Kuroko no Basket 3rd Season,16.08607221
207,Bakemono no Ko,15.89400198
208,Diamond no Ace Second Season,15.89400198
209,Doukyuusei Movie,15.89400198
210,Neon Genesis Evangelion,15.89400198
211,Nodame Cantabile,15.89400198
212,Violet Evergarden Kitto Ai wo Shiru Hi ga Kuru no Darou,15.89400198
213,Wonder Egg Priority,15.89400198
214,No Game No Life Zero,15.70399823
215,Planetes,15.70399823
216,Rurouni Kenshin Meiji Kenkaku Romantan,15.70399823
217,Stranger Mukou Hadan,15.70399823
218,Tsubasa Tokyo Revelations,15.70399823
219,Beck,15.70399823
220,Boku no Hero Academia 2nd Season,15.70399823
221,Detective Conan Movie 06 The Phantom of Baker Street,15.70399823
222,Kono Subarashii Sekai ni Shukufuku wo 2,15.70399823
223,Quanzhi Gaoshou Specials,15.51604118
224,Tenkuu no Shiro Laputa,15.51604118
225,Tonari no Totoro,15.51604118
226,Re Zero kara Hajimeru Isekai Seikatsu,15.14618886
227,Redline,15.33011121
228,Tokyo Godfathers,15.33011121
229,Gin no Saji 2nd Season,15.33011121
230,Hajime no Ippo Champion Road,15.33011121
231,Hibike Euphonium 2,15.33011121
232,Hunter x Hunter Greed Island Final,15.14618886
233,Koukaku Kidoutai,15.33011121
234,Ashita no Joe,15.14618886
235,Douluo Dalu Xiaowu Juebie,15.14618886
236,Gyakkyou Burai Kaiji Ultimate Survivor,15.14618886
237,Initial D First Stage,15.14618886
238,Kawaki wo Ameku,15.33011121
239,Kuroko no Basket 2nd Season,14.96425483
240,Shokugeki no Souma,15.14618886
241,Nodame Cantabile Finale,14.96425483
242,Ookami to Koushinryou,14.96425483
243,Sennen Joyuu,14.96425483
244,Yahari Ore no Seishun Love Comedy wa Machigatteiru Zoku,14.96425483
245,Youjo Senki Movie,14.96425483
246,Yuru Camp,14.96425483
247,Danshi Koukousei no Nichijou,14.96425483
248,Detective Conan Episode One - The Great Detective Turned Small,14.78429001
249,Gintama Shinyaku Benizakura-hen,14.96425483
250,Magi The Kingdom of Magic,14.96425483
251,Major S1,14.96425483
252,Major S3,14.96425483
253,Dr Stone Stone Wars,14.78429001
254,Fate stay night Movie Heavens Feel - I Presage Flower,14.78429001
255,Kuroshitsuji Movie Book of the Atlantic,14.78429001
256,SpaceDandy 2nd Season,14.78429001
257,Steins Gate Kyoukaimenjou no Missing Link - Divide By Zero,14.78429001
258,SKET Dance,14.60627541
259,Toaru Kagaku no Railgun T,14.60627541
260,Gyakkyou Burai Kaiji Hakairoku-hen,14.60627541
261,Hachimitsu to Clover II,14.60627541
262,Major S2,14.43019224
263,Initial D Final Stage,14.43019224
264,Kono Sekai no Katasumi ni,14.43019224
265,Major S4,14.25602184
266,xxxHOLiC Kei,14.43019224
267,Non Non Biyori Movie Vacation,14.25602184
268,ReLIFE Kanketsu-hen,14.08374572
269,Trigun,14.25602184
270,Wu Liuqi Zhi Zui Qiang Fa Xing Shi,14.25602184
271,Yoru wa Mijikashi Arukeyo Otome,14.25602184
272,Bakuman,14.25602184
273,Boku no Hero Academia 3rd Season,14.25602184
274,Chihayafuru,14.25602184
275,Detective Conan Movie 13 The Raven Chaser,14.25602184
276,Diamond no Ace Act II,14.25602184
277,Hajime no Ippo Mashiba vs Kimura,14.25602184
278,Little Busters Refrain,14.25602184
279,Mahou Shoujo MadokaMagica Movie 1 Hajimari no Monogatari,14.25602184
280,Majo no Takkyuubin,14.25602184
281,Mimi wo Sumaseba,14.25602184
282,Mobile Suit Gundam Iron-Blooded Orphans 2nd Season,14.25602184
283,Cardcaptor Sakura Movie 2 Fuuin Sareta Card,14.08374572
284,Fate stay night Unlimited Blade Works,14.08374572
285,Ginga Eiyuu Densetsu Die Neue These - Seiran 3,14.08374572
286,Girls Panzer Movie,14.08374572
287,Higurashi no Naku Koro ni Kai,14.08374572
288,InuYasha Kanketsu-hen,14.08374572
289,Kaguya-hime no Monogatari,14.08374572
290,Toradora,14.08374572
291,xxxHOLiC Rou,14.08374572
292,Noragami Aragoto,13.91334554
293,One Piece Episode of Merry - Mou Hitori no Nakama no Monogatari,13.91334554
294,Saiki Kusuo no -nan Kanketsu-hen,13.91334554
295,Berserk Ougon Jidai-hen III - Kourin,13.74480313
296,Hunter x Hunter Greed Island,13.91334554
297,Liz to Aoi Tori,13.91334554
298,Major Message,13.91334554
299,Aria the Natural,13.57810046
300,Ballroom e Youkoso,13.74480313
301,Bungou Stray Dogs 2nd Season,13.74480313
302,Death Parade,13.74480313
303,Fruits Basket 1st Season,13.57810046
304,Golden Kamuy 2nd Season,13.74480313
305,Hinamatsuri TV,13.74480313
306,Kyoukai no Kanata Movie 2 Ill Be Here - Mirai-hen,13.74480313
307,Senki Zesshou Symphogear XV,13.74480313
308,Shokugeki no Souma Ni no Sara,13.57810046
309,Shoujo Kakumei Utena,13.74480313
310,No Game No Life,13.57810046
311,One Piece Movie 14 Stampede,13.57810046
312,Ouran Koukou Host Club,13.57810046
313,Quanzhi Gaoshou Zhi Dianfeng Rongyao,13.57810046
314,Shoujo Shuumatsu Ryokou,13.57810046
315,Toki wo Kakeru Shoujo,13.57810046
316,Working Lord of the Takanashi,13.57810046
317,Asobi Asobase,13.57810046
318,Black Lagoon The Second Barrage,13.57810046
319,Digimon Adventure Last Evolution Kizuna,13.57810046
320,Dororo,13.57810046
321,Maison Ikkoku,13.57810046
322,Bungou Stray Dogs 3rd Season,13.41321965
323,Given Movie,13.25014299
324,Nisemonogatari,13.41321965
325,Non Non Biyori Repeat,13.41321965
326,One Piece Film Z,13.41321965
327,Sakura-sou no Pet na Kanojo,13.41321965
328,Naruto Shippuuden,13.25014299
329,Nodame Cantabile Paris-hen,13.25014299
330,One Piece Film Strong World,13.25014299
331,Tengen Toppa Gurren Lagann Movie 1 Gurren-hen,13.25014299
332,Tsuki ga Kirei,13.25014299
333,Akira,13.25014299
334,Detective Conan Movie 20 The Darkest Nightmare,13.25014299
335,Durarara,13.25014299
336,Eizouken ni wa Te wo Dasu na,13.25014299
337,Gankutsuou,13.25014299
338,Kaiba,13.25014299
339,Katekyo Hitman Reborn,13.25014299
340,Lupin III Part 5,13.25014299
341,Mahou Shoujo Lyrical Nanoha The Movie 2nd As,13.25014299
342,Mo Dao Zu Shi Q,13.25014299
343,Cardcaptor Sakura,13.08885291
344,Detective Conan,13.08885291
345,Douluo Dalu Jingying Sai,13.25014299
346,Douluo Dalu Qian Hua Xi Jin,13.25014299
347,Dragon Ball Z,12.92933199
348,Fate Grand Carnival,12.92933199
349,Fullmetal Alchemist,13.08885291
350,Honzuki no Gekokujou Shisho ni Naru Tame ni wa Shudan wo Erandeiraremasen 2nd Season,13.08885291
351,Kamisama Hajimemashita,13.08885291
352,Kanata no Astra,12.92933199
353,Seirei no Moribito,13.08885291
354,One Piece Episode of Nami - Koukaishi no Namida to Nakama no Kizuna,12.92933199
355,Ginga Eiyuu Densetsu Gaiden,12.92933199
356,Initial D Fourth Stage,12.92933199
357,K-On,12.92933199
358,Kono Subarashii Sekai ni Shukufuku wo,12.92933199
359,Lupin III Cagliostro no Shiro,12.92933199
360,Mobile Suit Gundam Unicorn,12.92933199
361,Angel Beats,12.77156296
362,Baccano Specials,12.77156296
363,Chuunibyou demo Koi ga Shitai Movie Take On Me,12.92933199
364,Detective Conan Movie 14 The Lost Ship in the Sky,12.77156296
365,Detroit Metal City,12.77156296
366,Hyouka,12.77156296
367,IDOLiSH7 Second Beat,12.6155287
368,Karakai Jouzu no Takagi-san 2,12.77156296
369,Koukaku Kidoutai Stand Alone Complex - Solid State Society,12.77156296
370,Kuroko no Basket,12.77156296
371,Made in Abyss Movie 1 Tabidachi no Yoake,12.77156296
372,Mahoutsukai no Yome Hoshi Matsu Hito,12.77156296
373,Mobile Suit Gundam 00,12.77156296
374,Princess Tutu,12.77156296
375,Saiki Kusuo no -nan -shidou-hen,12.6155287
376,Shokugeki no Souma San no Sara,12.46121222
377,Skip Beat,12.46121222
378,Tsubasa Shunraiki,12.6155287
379,Tsukimonogatari,12.6155287
380,Uchouten Kazoku 2,12.6155287
381,Detective Conan Movie 05 Countdown to Heaven,12.6155287
382,Interstella5555 The 5tory of The 5ecret 5tar 5ystem,12.77156296
383,Kuragehime,12.6155287
384,Ansatsu Kyoushitsu,12.46121222
385,Diamond no Ace,12.46121222
386,Ginga Eiyuu Densetsu Arata Naru Tatakai no Overture,12.46121222
387,Initial D Second Stage,12.46121222
388,Kaze Tachinu,12.46121222
389,Kuroshitsuji Book of Circus,12.46121222
390,Tanoshii Muumin Ikka,12.6155287
391,Zankyou no Terror,12.46121222
392,Shijou Saikyou no Deshi Kenichi,12.15766545
393,Yowamushi Pedal Grande Road,12.3085967
394,Darker than Black Kuro no Keiyakusha,12.3085967
395,Gin no Saji,12.3085967
396,Gintama Umai-mono wa Atomawashi ni Suru to Yokodorisareru kara Yappari Saki ni Kue,12.3085967
397,Haikyuu Movie 4 Concept no Tatakai,12.3085967
398,Hajime no Ippo Boxer no Kobushi,12.15766545
399,JoJo no Kimyou na Bouken Part 3 Stardust Crusaders,12.3085967
400,Kuroshitsuji Book of Murder,12.3085967
401,Mobile Suit Gundam 00 Second Season,12.3085967
402,5-toubun no Hanayome ,12.46121222
403,Detective Conan Movie 08 Magician of the Silver Sky,12.15766545
404,Dorohedoro,12.15766545
405,Dragon Ball Super Movie Broly,12.15766545
406,Durararax2 Ketsu,12.15766545
407,Fate stay night Unlimited Blade Works Prologue,12.15766545
408,Gintama Futon ni Haitte kara Buki Nokoshi ni Kizuite Neru ni Nerenai Toki mo Aru,12.15766545
409,Gosick,12.15766545
410,Hikaru no Go,12.15766545
411,Kill la Kill,12.15766545
412,Koukaku Kidoutai Stand Alone Complex - The Laughing Man,12.15766545
413,Kuroko no Basket Saikou no Present Desu,12.15766545
414,Omoide no Marnie,12.15766545
415,Saint Seiya The Lost Canvas - Meiou Shinwa 2,12.15766545
416,Tamayura Sotsugyou Shashin Part 4 - Ashita,12.15766545
417,Summer Wars,12.00840194
418,Tensei shitara Slime Datta Ken 2nd Season,12.6155287
419,World Trigger 2nd Season,12.00840194
420,Akatsuki no Yona OVA,12.00840194
421,Beastars 2nd Season,12.46121222
422,Boku no Hero Academia,11.86078975
423,Dennou Coil,12.00840194
424,Detective Conan Movie 18 The Sniper from Another Dimension,12.00840194
425,Ginga Eiyuu Densetsu Die Neue These - Seiran 2,12.00840194
426,Gintama Nanigoto mo Saiyo ga Kanjin nano de Tasho Senobisuru Kurai ga Choudoyoi,12.00840194
427,Haikyuu Movie 3 Sainou to Sense,11.86078975
428,Hidamari Sketch Sae Hiro Sotsugyou-hen,12.00840194
429,Kamisama Hajimemashita Kamisama Shiawase ni Naru,12.00840194
430,Koukyoushihen Eureka Seven,12.00840194
431,Mahoutsukai no Yome,12.00840194
432,Mirai Shounen Conan,12.00840194
433,Mobile Suit Gundam The Origin - Advent of the Red Comet,12.00840194
434,Boku no Hero Academia the Movie 2 Heroes Rising,11.71481264
435,Eve no Jikan,11.86078975
436,Glass no Kamen 2005,11.86078975
437,Initial D Fifth Stage,11.86078975
438,Promare,11.71481264
439,Tsumiki no Ie,11.71481264
440,xxxHOLiC Shunmuki,11.86078975
441,Yahari Ore no Seishun Love Comedy wa Machigatteiru Zoku OVA,11.86078975
442,Yuusha-Ou GaoGaiGar Final,11.86078975
443,Saiunkoku Monogatari 2nd Season,11.71481264
444,Tensei shitara Slime Datta Ken,11.71481264
445,Detective Conan Movie 10 Requiem of the Detectives,11.71481264
446,Douluo Dalu Hao Tian Yang Wei,11.86078975
447,Evangelion 10 You Are Not Alone,11.71481264
448,Full Metal Panic Fumoffu,11.71481264
449,Ginga Eiyuu Densetsu Gaiden 1999,11.86078975
450,Gintama Dai Hanseikai,11.71481264
451,High Score Girl II,11.71481264
452,Kami nomi zo Shiru Sekai Megami-hen,11.71481264
453,Kara no Kyoukai 3 Tsuukaku Zanryuu,11.71481264
454,Kuroko no Basket Movie 4 Last Game,11.71481264
455,Kyou kara Ore wa,11.71481264
456,Nagi no Asu kara,11.71481264
457,Baby Steps 2nd Season,11.57045447
458,City Hunter 2,11.57045447
459,Clannad,11.57045447
460,Hachimitsu to Clover,11.57045447
461,Juuni Kokuki,11.57045447
462,Kono Subarashii Sekai ni Shukufuku wo 2 Kono Subarashii Geijutsu ni Shukufuku wo,11.57045447
463,LovelyComplex,11.57045447
464,Magi The Labyrinth of Magic,11.57045447
465,Paprika,11.57045447
466,Saint Seiya Meiou Hades Juuni Kyuu-hen,11.57045447
467,Shokugeki no Souma San no Sara - Tootsuki Ressha-hen,11.57045447
468,Stand By Me Doraemon,11.57045447
469,Toaru Kagaku no Railgun S,11.57045447
470,Umibe no tranger,11.28653122
471,Yahari Ore no Seishun Love Comedy wa Machigatteiru,11.57045447
472,Ramayana The Legend of Prince Rama,11.42769928
473,Tokyo Magnitude 80,11.42769928
474,Akatsuki no Yona,11.42769928
475,BanG Dream 3rd Season,11.42769928
476,Black Lagoon,11.42769928
477,Black Lagoon Robertas Blood Trail,11.42769928
478,Boku no Hero Academia 4th Season,11.42769928
479,DGray-man,11.42769928
480,Eve no Jikan Movie,11.42769928
481,High Score Girl Extra Stage,11.28653122
482,Kaichou wa Maid-sama,11.42769928
483,Detective Conan Movie 03 The Last Wizard of the Century,11.28653122
484,Detective Conan Movie 04 Captured in Her Eyes,11.28653122
485,ef A Tale of Melodies,11.28653122
486,Ginga Nagareboshi Gin,11.28653122
487,Girls Panzer Saishuushou Part 2,11.28653122
488,Kamisama Hajimemashita,11.28653122
489,Kodomo no Omocha TV,11.28653122
490,Sakasama no Patema,11.28653122
491,Slayers Next,11.28653122
492,Ookiku Furikabutte Natsu no Taikai-hen,11.14693459
493,Quanzhi Gaoshou 2,11.00889381
494,ReLIFE,11.14693459
495,School Rumble Ni Gakki,11.14693459
496,Serial Experiments Lain,11.28653122
497,Wolfs Rain OVA,11.14693459
498,Beastars,11.00889381
499,Code Geass Hangyaku no Lelouch III - Oudou,11.14693459
500,Detective Conan Movie 15 Quarter of Silence,11.14693459
501,FLCL,11.14693459
502,Fullmetal Alchemist Brotherhood Specials,11.14693459
503,Honzuki no Gekokujou Shisho ni Naru Tame ni wa Shudan wo Erandeiraremasen,11.14693459
504,JoJo no Kimyou na Bouken TV,11.14693459
505,Kara no Kyoukai Mirai Fukuin,11.14693459
506,Kingdom,11.14693459
507,Kotonoha no Niwa,11.14693459
508,Maoujou de Oyasumi,11.14693459
509,Mobile Suit Gundam The 08th MS Team,11.14693459
510,Aria the OVA Arietta,11.00889381
511,Durararax2 Shou,11.00889381
512,Golden Boy,11.00889381
513,Kimi ni Todoke,10.87239346
514,Kobayashi-san Chi no Maid Dragon,11.00889381
515,Koukaku Kidoutai Stand Alone Complex 2nd GIG - Individual Eleven,11.00889381
516,Major Movie Yuujou no Winning Shot,11.00889381
517,Mobile Suit Gundam Iron-Blooded Orphans,11.00889381
518,Omae Umasou da na,11.00889381
519,Persona 3 the Movie 4 Winter of Rebirth,11.00889381
520,SK,11.00889381
521,Touch,11.00889381
522,Working,11.00889381
523,Osomatsu-san,10.87239346
524,Phantom Requiem for the Phantom,10.73741824
525,Tennis no Ouji-sama Zenkoku Taikai-hen - Final,10.87239346
526,xxxHOLiC,10.87239346
527,Aria the Origination Sono Choppiri Himitsu no Basho ni,10.87239346
528,Durararax2 Ten,10.87239346
529,Hanada Shounen-shi,10.87239346
530,Kakushigoto TV,10.87239346
531,Kimi ni Todoke 2nd Season,10.87239346
532,Koukaku Kidoutai 20,10.87239346
533,Akagami no Shirayuki-hime 2nd Season,10.73741824
534,Hibike Euphonium,10.73741824
535,Kanon 2006,10.73741824
536,Kokoro Connect Michi Random,10.73741824
537,Log Horizon,10.73741824
538,Noragami,10.73741824
539,One Piece Film Strong World Episode 0,10.73741824
540,Tate no Yuusha no Nariagari,10.73741824
541,Wu Shan Wu Xing,10.73741824
542,Youjo Senki,10.73741824
543,Yuuki Yuuna wa Yuusha de Aru Washio Sumi no Shou 3 - Yakusoku,10.87239346
544,Nurarihyon no Mago Sennen Makyou,10.60395297
545,Rurouni Kenshin Meiji Kenkaku Romantan - Seisou-hen,10.60395297
546,Saint Seiya The Lost Canvas - Meiou Shinwa,10.60395297
547,Tamako Love Story,10.60395297
548,Yowamushi Pedal,10.60395297
549,Yuukoku no Moriarty,10.60395297
550,Zetsuen no Tempest,10.47198263
551,Clannad Mou Hitotsu no Sekai Tomoyo-hen,10.60395297
552,Dragon Ball,10.60395297
553,Haibane Renmei,10.60395297
554,Hanamonogatari,10.60395297
555,Hokuto no Ken,10.47198263
556,Hyouge Mono,10.60395297
557,Mahou Shoujo Lyrical Nanoha As,10.60395297
558,Azumanga Daioh,10.34149232
559,Fate kaleid liner PrismaIllya Movie Sekka no Chikai,10.47198263
560,Hikaru no Go Hokuto Hai e no Michi,10.47198263
561,Kamisama Hajimemashita OVA,10.47198263
562,Kindaichi Shounen no Jikenbo,10.34149232
563,Kobato,10.47198263
564,Kurenai no Buta,10.47198263
565,Mawaru Penguindrum,10.47198263
566,Nekomonogatari Kuro,10.34149232
567,Tekkon Kinkreet,10.47198263
568,Usagi Drop Specials,10.47198263
569,Quanzhi Gaoshou,10.34149232
570,Trigun Badlands Rumble,10.34149232
571,Code Geass Fukkatsu no Lelouch,10.21246726
572,Ginga Eiyuu Densetsu Die Neue These - Seiran 1,10.34149232
573,Kimi to Boku 2,10.34149232
574,Macross F Movie 2 Sayonara no Tsubasa,10.34149232
575,Macross Do You Remember Love,10.34149232
576,Darker than Black Kuro no Keiyakusha Gaiden,10.21246726
577,Final Fantasy VII Advent Children Complete,10.21246726
578,Full Metal Panic The Second Raid,10.21246726
579,Full Moon wo Sagashite,10.21246726
580,Girls Panzer Saishuushou Part 1,10.21246726
581,Gochuumon wa Usagi Desu ka Bloom,10.21246726
582,IDOLiSH7 Vibrato,10.21246726
583,Kuuchuu Buranko,10.21246726
584,Sekaiichi Hatsukoi 2,10.08489281
585,Wotaku ni Koi wa Muzukashii,10.21246726
586,xxxHOLiC Movie Manatsu no Yoru no Yume,10.21246726
587,Non Non Biyori,10.08489281
588,Ore Monogatari,10.08489281
589,Overlord,10.08489281
590,Sekaiichi Hatsukoi OVA,9.95875445
591,SKET Dance Imouto no Nayami ni Nayamu Ani ni Nayamu Imouto to Sono Nakama-tachi,10.08489281
592,Tennis no Ouji-sama Zenkoku Taikai-hen,9.95875445
593,Tonikaku Kawaii,10.08489281
594,Yakitate Japan,10.08489281
595,Yuru Yuri SanHai,10.08489281
596,Carole Tuesday,9.95875445
597,ef A Tale of Memories,9.95875445
598,Eyeshield 21,10.08489281
599,Fate Grand Order Zettai Majuu Sensen Babylonia,10.08489281
600,Haikyuu Movie 2 Shousha to Haisha,10.08489281
601,Hanasaku Iroha,10.08489281
602,Higurashi no Naku Koro ni,9.95875445
603,Kokoro ga Sakebitagatterunda,10.08489281
604,Ano Hi Mita Hana no Namae wo Bokutachi wa Mada Shiranai Movie,9.95875445
605,Aria the Avvenire,9.95875445
606,Detective Conan OVA 09 The Stranger in 10 Years,9.95875445
607,Drifters,9.95875445
608,Gekkan Shoujo Nozaki-kun,9.95875445
609,Ginga Eiyuu Densetsu Waga Yuku wa Hoshi no Taikai,9.95875445
610,Ginga Sengoku Gunyuuden Rai,9.95875445
611,Haikyuu Movie 1 Owari to Hajimari,9.95875445
612,Hidamari Sketch x Honeycomb,9.95875445
613,Kaleido Star,9.95875445
614,Kami nomi zo Shiru Sekai II,9.95875445
615,Karigurashi no Arrietty,9.83403779
616,Love Live The School Idol Movie,9.95875445
617,One Piece Film Gold,9.95875445
618,Ookiku Furikabutte,9.95875445
619,Overlord III,9.95875445
620,Saiunkoku Monogatari,9.95875445
621,Sekaiichi Hatsukoi Movie Yokozawa Takafumi no Baai,9.95875445
622,Takarajima,9.95875445
623,Tennis no Ouji-sama Zenkoku Taikai-hen - Semifinal,9.95875445
624,Tiger Bunny,9.95875445
625,Touhai Densetsu Akagi Yami ni Maiorita Tensai,9.95875445
626,Ushio to Tora TV 2nd Season,9.95875445
627,Wan Sheng Jie,9.95875445
628,Yuri on Ice Yuri Plisetsky GPF in Barcelona EX - Welcome to The Madness,10.08489281
629,Plastic Memories,9.83403779
630,Sakigake Cromartie Koukou,9.83403779
631,School Rumble,9.83403779
632,Shirokuma Cafe,9.83403779
633,City Hunter,9.83403779
634,Code Geass Hangyaku no Lelouch I - Koudou,9.83403779
635,Death Billiards,9.83403779
636,Doraemon Movie 31 Shin Nobita to Tetsujin Heidan - Habatake Tenshi-tachi,9.71072858
637,Free Eternal Summer - Kindan no All Hard,9.83403779
638,Ie Naki Ko Remy,9.83403779
639,Jigoku Shoujo Futakomori,9.83403779
640,Jormungand Perfect Order,9.83403779
641,Lupin III 2015,9.83403779
642,Macross,9.83403779
643,Mobile Suit Gundam Thunderbolt,9.83403779
644,Aggressive Retsuko ONA 3rd Season,9.58881268
645,Berserk Ougon Jidai-hen II - Doldrey Kouryaku,9.71072858
646,Bishoujo Senshi Sailor Moon Sailor Stars,9.71072858
647,Ergo Proxy,9.71072858
648,Hidamari Sketch x ,9.71072858
649,Mobile Suit Gundam Thunderbolt December Sky,9.71072858
650,Mobile Suit Zeta Gundam,9.71072858
651,One Piece 3D2Y Ace no shi wo Koete Luffy Nakama Tono Chikai,9.71072858
652,Shijou Saikyou no Deshi Kenichi OVA,9.71072858
653,Terra e TV,9.71072858
654,There She Is,9.71072858
655,Yagate Kimi ni Naru,9.71072858
656,Yuri on Ice,9.58881268
657,Zoku Sayonara Zetsubou Sensei,9.71072858
658,Naruto,9.58881268
659,Noragami Aragoto OVA,9.46827608
660,One Piece Episode of East Blue - Luffy to 4-nin no Nakama no Daibouken,9.46827608
661,Beelzebub,9.46827608
662,Cike Wu Liuqi,9.58881268
663,Date A Live II Kurumi Star Festival,9.58881268
664,Grisaia no Meikyuu Caprice no Mayu 0,9.58881268
665,Macross F,9.58881268
666,Magi Sinbad no Bouken TV,9.46827608
667,Megalo Box,9.58881268
668,Durarara Specials,9.46827608
669,Id Invaded,9.46827608
670,Kidou Keisatsu Patlabor 2 the Movie,9.46827608
671,Little Witch Academia TV,9.34910488
672,Lupin III vs Detective Conan The Movie,9.46827608
673,Mahou Shoujo Lyrical Nanoha The Movie 1st,9.46827608
674,Mobile Suit Gundam 0080 War in the Pocket,9.58881268
675,Ookami to Koushinryou II Ookami to Kohakuiro no Yuuutsu,9.46827608
676,Sayonara Zetsubou Sensei,9.46827608
677,Seitokai Yakuindomo OVA,9.46827608
678,Tanaka-kun wa Itsumo Kedaruge,9.34910488
679,Tennis no Ouji-sama,9.46827608
680,Tentai Senshi Sunred 2nd Season,9.46827608
681,Zan Sayonara Zetsubou Sensei,9.46827608
682,Top wo Nerae Gunbuster,9.34910488
683,Vampire Hunter D 2000,9.34910488
684,Carnival Phantasm,9.34910488
685,Detective Conan Movie 02 The Fourteenth Target,9.34910488
686,Gake no Ue no Ponyo,9.34910488
687,Hanasaku Iroha Home Sweet Home,9.34910488
688,Initial D Third Stage,9.34910488
689,Kara no Kyoukai 4 Garan no Dou,9.34910488
690,Aoki Hagane no Arpeggio Ars Nova Cadenza,9.23128533
691,Hoozuki no Reitetsu 2nd Season,9.23128533
692,Kaleido Star Legend of Phoenix - Layla Hamilton Monogatari,9.23128533
693,Kyoukai no Kanata Movie Ill Be Here - Kako-hen - Yakusoku no Kizuna,9.23128533
694,Seto no Hanayome OVA,9.23128533
695,Soul Eater,9.11480377
696,SpaceDandy,9.23128533
697,Uchouten Kazoku,9.23128533
698,Wan Sheng Jie 2,9.23128533
699,Psycho-Pass 3 First Inspector,9.11480377
700,Seihou Bukyou Outlaw Star,9.11480377
701,Seitokai Yakuindomo Movie,9.11480377
702,Suzumiya Haruhi no Yuuutsu,9.11480377
703,Working,8.99964669
704,Yuru Yuri Nachuyachumi,9.11480377
705,Flanders no Inu Movie,9.11480377
706,High Score Girl,9.11480377
707,HighSpeed Free Starting Days,9.11480377
708,Hoozuki no Reitetsu OVA,9.11480377
709,Kekkai Sensen Beyond,9.11480377
710,Kono Oto Tomare,9.11480377
711,Kuroko no Basket Tip Off,8.99964669
712,Magic Kaito 1412,9.11480377
713,Musekinin Kanchou Tylor,9.11480377
714,Nanatsu no Taizai,9.11480377
715,Akachan to Boku,8.88580068
716,Break Blade 4 Sanka no Chi,8.99964669
717,Danshi Koukousei no Nichijou Specials,8.99964669
718,Detective Conan Movie 01 The Timed Skyscraper,8.99964669
719,Douluo Dalu,8.99964669
720,Eikoku Koi Monogatari Emma Molders-hen,8.99964669
721,Grisaia no Rakuen,8.88580068
722,Gungrave,8.99964669
723,Igano Kabamaru,8.99964669
724,Kono Subarashii Sekai ni Shukufuku wo Kono Subarashii Choker ni Shukufuku wo,8.99964669
725,Les Misrables Shoujo Cosette,8.99964669
726,Mahoujin Guruguru 2017,8.99964669
727,Planetarian Hoshi no Hito,8.99964669
728,Tasogare Otome x Amnesia,8.99964669
729,Wotaku ni Koi wa Muzukashii OVA,8.88580068
730,Yume-iro Ptissire,8.99964669
731,Osomatsu-san Movie,8.99964669
732,Sekaiichi Hatsukoi Valentine-hen,8.88580068
733,Youkoso Jitsuryoku Shijou Shugi no Kyoushitsu e TV,8.77325246
734,Yuru Yuri,8.88580068
735,Baby Steps,8.88580068
736,Bishoujo Senshi Sailor Moon S,8.88580068
737,Goku Sayonara Zetsubou Sensei,8.88580068
738,InuYasha,8.88580068
739,Lupin the IIIrd Chikemuri no Ishikawa Goemon,8.88580068
740,Maria-sama ga Miteru 3rd,8.88580068
741,Michiko to Hatchin,8.88580068
742,91 Days,8.77325246
743,Break Blade 5 Shisen no Hate,8.77325246
744,Bungou Stray Dogs Dead Apple,8.88580068
745,Clannad After Story - Mou Hitotsu no Sekai Kyou-hen,8.77325246
746,Coquelicot-zaka kara,8.77325246
747,Gakuen Babysitters,8.88580068
748,Hidamari Sketch x 365,8.77325246
749,Hoozuki no Reitetsu 2nd Season Sono Ni,8.77325246
750,Isekai no Seikishi Monogatari,8.66198885
751,Jormungand,8.77325246
752,Jungle wa Itsumo Hare nochi Guu,8.77325246
753,Junjou Romantica 2,8.77325246
754,K-On,8.77325246
755,K-On Keikaku,8.77325246
756,Kara no Kyoukai 2 Satsujin Kousatsu Zen,8.77325246
757,Little Witch Academia,8.77325246
758,Magi Sinbad no Bouken,8.77325246
759,SaintOniisan Movie,8.77325246
760,Nodame Cantabile Finale - Mine to Kiyora no Saikai,8.66198885
761,Non Non Biyori Repeat Hotaru ga Tanoshinda,8.66198885
762,Owarimonogatari 2nd Season Recaps,8.77325246
763,Paradise Kiss,8.66198885
764,Saiyuuki Gaiden,8.66198885
765,Seikai no Senki II,8.66198885
766,Shingeki no Kyojin OVA,8.77325246
767,Slayers Try,8.66198885
768,Urusei Yatsura Movie 2 Beautiful Dreamer,8.66198885
769,Capeta,8.66198885
770,Chuan Shu Zijiu Zhinan,8.77325246
771,Detective Conan Movie 07 Crossroad in the Ancient Capital,8.66198885
772,Devilman Crybaby,8.66198885
773,Giant Robo the Animation Chikyuu ga Seishi Suru Hi,8.66198885
774,Golden Kamuy,8.66198885
775,Hidamari Sketch x Specials,8.66198885
776,Jungle wa Itsumo Hare nochi Guu Deluxe,8.66198885
777,K-On Live House,8.66198885
778,Lupin the IIIrd Jigen Daisuke no Bohyou,8.66198885
779,City Hunter 3,8.55199681
780,Colorful Movie,8.55199681
781,Densetsu Kyojin Ideon Hatsudou-hen,8.66198885
782,Detective Conan Movie 08 Time Travel of the Silver Sky,8.55199681
783,Detective Conan Movie 23 The Fist of Blue Sapphire,8.55199681
784,Emiya-san Chi no Kyou no Gohan,8.44326341
785,Gochuumon wa Usagi Desu ka,8.55199681
786,Hataraku Maou-sama,8.55199681
787,Higashi no Eden,8.55199681
788,Innocence,8.55199681
789,Kokoro Connect,8.55199681
790,Kubikiri Cycle Aoiro Savant to Zaregototsukai,8.55199681
791,Last Exile,8.55199681
792,LuckyStar Original na Visual to Animation,8.55199681
793,Macross F Movie 1 Itsuwari no Utahime,8.55199681
794,Nanatsu no Taizai Imashime no Fukkatsu,8.44326341
795,New Initial D Movie Legend 3 - Mugen,8.55199681
796,Saraiya Goyou,8.55199681
797,Somali to Mori no Kamisama,8.55199681
798,Wolfs Rain,8.55199681
799,Yuusha-Ou GaoGaiGar,8.55199681
800,Saiyuuki Reload Burial,8.44326341
801,Shiki Specials,8.44326341
802,Tentai Senshi Sunred,8.33577583
803,Yuuki Yuuna wa Yuusha de Aru Washio Sumi no Shou 2 - Tamashii,8.44326341
804,Break Blade 3 Kyoujin no Ato,8.44326341
805,Code Geass Hangyaku no Lelouch R2 Special Edition - Zero Requiem,8.44326341
806,Detective Conan Movie 09 Strategy Above the Depths,8.44326341
807,Detective Conan Movie 12 Full Score of Fear,8.44326341
808,Ginga Tetsudou 999,8.44326341
809,Maria-sama ga Miteru 4th,8.44326341
810,Mobile Suit Gundam Wing Endless Waltz Movie,8.44326341
811,Bleach,8.33577583
812,Bungou Stray Dogs Wan,8.55199681
813,Cardcaptor Sakura Clear Card-hen Prologue - Sakura to Futatsu no Kuma,8.33577583
814,Detective Conan Movie 22 Zero the Enforcer,8.44326341
815,Ghost Hunt,8.33577583
816,Hadashi no Gen,8.33577583
817,Haikyuu Riku vs Kuu,8.33577583
818,Hoozuki no Reitetsu,8.33577583
819,Kyou kara Maou 3rd Series,8.33577583
820,Love Live School Idol Project 2nd Season,8.33577583
821,Magic Kaito,8.33577583
822,Mind Game,8.33577583
823,Tamayura Sotsugyou Shashin Part 3 - Akogare,8.33577583
824,The Everlasting Guilty Crown,8.33577583
825,Tiger Bunny Movie 2 The Rising,8.33577583
826,Tokyo Ghoul,8.33577583
827,Toshokan Sensou Kakumei no Tsubasa,8.33577583
828,Zan Sayonara Zetsubou Sensei Bangaichi,8.33577583
829,Neko no Ongaeshi,8.22952135
830,New Initial D Movie Legend 2 - Tousou,8.22952135
831,Oniisama e,8.33577583
832,Saenai Heroine no Sodatekata ,8.22952135
833,Seitokai Yakuindomo OVA,8.22952135
834,Yuru Yuri Nachuyachumi ,8.22952135
835,Aggressive Retsuko ONA 2nd Season,8.22952135
836,Bungou Stray Dogs,8.22952135
837,Digimon Adventure,8.1244874
838,Heartcatch Precure,8.22952135
839,Hidamari Sketch x SP,8.22952135
840,Ie Naki Ko,8.22952135
841,InuYasha Movie 3 Tenka Hadou no Ken,8.22952135
842,Jibaku Shounen Hanako-kun,8.22952135
843,Junjou Romantica OVA,8.22952135
844,Lupin III vs Detective Conan,8.22952135
845,Lupin III Part II,8.33577583
846,Lupin III The First,8.22952135
847,Akagami no Shirayuki-hime,8.1244874
848,BanG Dream GarupaPico,8.1244874
849,City Hunter 91,8.1244874
850,Detective Conan OVA 10 Kid in Trap Island,8.1244874
851,Gochuumon wa Usagi Desu ka Dear My Sister,8.1244874
852,Golden Time,8.1244874
853,Gundam Build Fighters,8.1244874
854,Jin-Rou,8.22952135
855,Jinrui wa Suitai Shimashita,8.1244874
856,Kino no Tabi The Beautiful World - Nanika wo Suru Tame ni - Life Goes On,8.1244874
857,Kobayashi-san Chi no Maid Dragon Valentine Soshite Onsen - Amari Kitai Shinaide Kudasai,8.0206615
858,Kyousou Giga TV,8.1244874
859,Little Witch Academia Mahoujikake no Parade,8.1244874
860,Lupin the Third Mine Fujiko to Iu Onna,8.1244874
861,Mobile Suit Gundam,8.1244874
862,Mobile Suit Gundam SEED,8.1244874
863,Shaman King,8.1244874
864,Shiki,8.1244874
865,The Disappearance of Conan Edogawa The Worst Two Days in History,8.1244874
866,New Initial D Movie Legend 1 - Kakusei,8.0206615
867,Overlord II,8.0206615
868,Saint Seiya,8.0206615
869,Sekaiichi Hatsukoi,8.0206615
870,Shingeki no Kyojin Season 2 Movie Kakusei no Houkou,8.0206615
871,Sidonia no Kishi Daikyuu Wakusei Seneki,8.0206615
872,Tegamibachi Reverse,8.0206615
873,Uchuu Senkan Yamato 2199 Hoshimeguru Hakobune,8.0206615
874,Claymore,8.0206615
875,Digimon Adventure Bokura no War Game,8.0206615
876,Gate Jieitai Kanochi nite Kaku Tatakaeri 2nd Season,8.0206615
877,Gekkan Shoujo Nozaki-kun Specials,8.0206615
878,Genshiken 2,8.0206615
879,Hibike Euphonium Movie 3 Chikai no Finale,7.91803127
880,IDOLiSH7,8.0206615
881,Karakai Jouzu no Takagi-san,7.91803127
882,Kochira Katsushikaku Kameari Kouenmae Hashutsujo,8.0206615
883,Kyoukai no Kanata,8.0206615
884,Mobile Suit Gundam III Encounters in Space,8.0206615
885,Charlotte,7.91803127
886,Chuunibyou demo Koi ga Shitai,7.91803127
887,Enen no Shouboutai Ni no Shou,7.91803127
888,Final Fantasy VII Advent Children,7.91803127
889,Haikyuu OVA,7.91803127
890,Hakuouki Movie 2 Shikon Soukyuu,7.91803127
891,Koukaku Kidoutai Stand Alone Complex - Solid State Society 3D,7.91803127
892,LuckyStar,7.91803127
893,Mobile Suit Gundam Wing Endless Waltz,7.91803127
894,Noragami OVA,7.91803127
895,Pokemon The Origin,7.91803127
896,Ranma ,7.91803127
897,Saint Seiya Meiou Hades Meikai-hen,7.91803127
898,Shingeki no Kyojin Movie 2 Jiyuu no Tsubasa,7.91803127
899,Shingeki no Kyojin Lost Girls,7.91803127
900,Shokugeki no Souma Shin no Sara,7.91803127
901,Slayers,7.81658446
902,Tamayura Sotsugyou Shashin Part 2 - Hibiki,7.91803127
903,Tantei Gakuen Q,7.91803127
904,Texhnolyze,7.91803127
905,Ueki no Housoku,7.91803127
906,Ushiro no Shoumen Daare,7.91803127
907,Yamato Nadeshiko Shichihenge,7.81658446
908,Zhen Hun Jie,7.91803127
909,New Game,7.81658446
910,Ranma OVA,7.81658446
911,Rurouni Kenshin DVD-BOX Special Ending,7.81658446
912,School Rumble Ichi Gakki Hoshuu,7.81658446
913,Shirobako Movie,7.81658446
914,The Last Naruto the Movie,7.81658446
915,Udon no Kuni no Kiniro Kemari,7.81658446
916,Arakawa Under the Bridge x Bridge,7.81658446
917,Baka to Test to Shoukanjuu Ni,7.81658446
918,Berserk Ougon Jidai-hen I - Haou no Tamago,7.81658446
919,Chis Sweet Home Atarashii Ouchi,7.81658446
920,DGray-man Hallow,7.71630893
921,Doukyonin wa Hiza Tokidoki Atama no Ue,7.81658446
922,Hanasakeru Seishounen,7.81658446
923,Hibike Euphonium Movie 2 Todoketai Melody,7.71630893
924,Junjou Romantica 3,7.81658446
925,Master Keaton OVA,7.81658446
926,Aoi Bungaku Series,7.71630893
927,Black Jack,7.71630893
928,Break Blade 2 Ketsubetsu no Michi,7.71630893
929,Free Take Your Marks,7.71630893
930,Gate Jieitai Kanochi nite Kaku Tatakaeri,7.71630893
931,Gochuumon wa Usagi Desu ka Sing for You,7.71630893
932,Hidamari Sketch x 365 Specials,7.71630893
933,InuYasha Kuroi Tessaiga,7.71630893
934,Kuroshitsuji,7.71630893
935,Little Busters EX,7.71630893
936,Psycho-Pass Movie,7.71630893
937,Psycho-Pass Sinners of the System Case3 - Onshuu no Kanata ni,7.71630893
938,Seto no Hanayome,7.71630893
939,Snow Halation,7.71630893
940,Tetsuwan Birdy Decode 02,7.71630893
941,Watashi no Ashinaga Ojisan,7.71630893
942,Nejimaki Seirei Senki Tenkyou no Alderamin,7.61719264
943,One Piece Episode of Sabo - 3 Kyoudai no Kizuna Kiseki no Saikai to Uketsugareru Ishi,7.51922366
944,One Punch Man Road to Hero,7.61719264
945,Rozen Maiden Ouvertre,7.61719264
946,Seitokai Yakuindomo,7.61719264
947,Soukou Kihei Votoms,7.61719264
948,Ansatsu Kyoushitsu 2nd Season Kagaijugyou-hen,7.61719264
949,Detective Conan Movie 16 The Eleventh Striker,7.61719264
950,Haikyuu Lev Genzan,7.61719264
951,Haikyuu vs Akaten,7.61719264
952,Hayate no Gotoku,7.61719264
953,Hourou Musuko,7.61719264
954,Hug tto Precure,7.61719264
955,Kami nomi zo Shiru Sekai,7.51922366
956,Kuroko no Basket 2nd Season NG-shuu,7.61719264
957,Kuroko no Basket Movie 3 Winter Cup - Tobira no Mukou,7.61719264
958,Kuroko no Basket Last Game NG-shuu,7.61719264
959,Kyoukai no Kanata Movie 1 Ill Be Here - Kako-hen,7.61719264
960,Manga de Wakaru Fate Grand Order,7.51922366
961,Memories,7.61719264
962,Akudama Drive,7.42239017
963,Ani ni Tsukeru Kusuri wa Nai 2,7.51922366
964,Asagao to Kase-san,7.51922366
965,Binbougami ga,7.51922366
966,Bishoujo Senshi Sailor Moon Crystal Season III,7.51922366
967,Byousoku 5 Centimeter,7.42239017
968,Crayon Shin-chan Movie 09 Arashi wo Yobu Mouretsu Otona Teikoku no Gyakushuu,7.51922366
969,Daicon Opening Animations,7.51922366
970,Dragon Ball Kai,7.51922366
971,Dragon Ball Z Special 2 Zetsubou e no Hankou Nokosareta Chousenshi - Gohan to Trunks,7.51922366
972,Fairy Tail 2014,7.51922366
973,Kill la Kill Specials,7.51922366
974,Koutetsujou no Kabaneri Movie 3 Unato Kessen,7.51922366
975,Macross Plus,7.51922366
976,Macross Plus Movie Edition,7.51922366
977,Mobile Suit Gundam Wing,7.51922366
978,Nurarihyon no Mago OVA,7.51922366
979,One Punch Man Specials,7.51922366
980,Panty Stocking with Garterbelt,7.51922366
981,Seikai no Senki,7.51922366
982,Shuumatsu Nani Shitemasu ka Isogashii Desu ka Sukutte Moratte Ii Desu ka,7.51922366
983,Toaru Kagaku no Railgun,7.51922366
984,Ojamajo Doremi Na-i-sho,7.42239017
985,Pandora Hearts,7.42239017
986,Princess Principal,7.42239017
987,Sexy Commando Gaiden Sugoi yo Masaru-san,7.42239017
988,Shigatsu wa Kimi no Uso Moments,7.42239017
989,Shin Mazinger Shougeki Z-hen,7.32668047
990,Space Cobra,7.42239017
991,Tong Ling Fei,7.51922366
992,Uchuu Kaizoku Captain Herlock,7.42239017
993,Akagami no Shirayuki-hime Nandemonai Takaramono Kono Page,7.42239017
994,Bokura wa Minna Kawai-sou,7.42239017
995,Break Blade 6 Doukoku no Toride,7.42239017
996,Death Note Rewrite,7.42239017
997,Detective Conan Movie 19 The Hellfire Sunflowers,7.42239017
998,Durararax2 Shou Watashi no Kokoro wa Nabe Moyou,7.42239017
999,Girls Panzer Kore ga Hontou no Anzio-sen Desu,7.42239017
